QuestionId,N,k,p,naive_se,cluster_se,lin_se,DEFF_boot,DEFF_lin
4778,261,21,0.8045977011494253,0.024543357557774287,0.042888571647281284,0.041448059691657504,3.0536215849533908,2.8519405003380665
14090,870,102,0.6494252873563219,0.01617689865203629,0.033161701194933876,0.03288421702349479,4.202261498388727,4.132229959815444
174,798,97,0.7180451127819549,0.01592810951342185,0.026962397626881195,0.027304511876416634,2.8654217446407415,2.9385992814351187
15712,813,81,0.6494464944649446,0.01673414673731534,0.031342906172429366,0.03151144875363246,3.508095272819608,3.54592540585992
3688,638,98,0.6896551724137931,0.018315885305082182,0.030807167608106242,0.031110691416795077,2.8290961792979137,2.885117438156898
4796,1892,206,0.483615221987315,0.011488838665153659,0.025476387827113256,0.026554623807217247,4.917263048726091,5.342297201406836
12547,221,20,0.7782805429864253,0.02794305290064161,0.036101856207906034,0.03735313251078108,1.669211462380084,1.7869251080528257
7497,716,88,0.49441340782122906,0.018684710909476487,0.03193611266978014,0.03346310875308698,2.921402105577633,3.2074493283438463
8367,241,36,0.8174273858921162,0.024884784690032673,0.0372537559550842,0.03672819090514868,2.24115738319228,2.178368254320822
23211,629,94,0.48966613672496023,0.019932047170411724,0.03288188251753391,0.03291984413545241,2.721507491225337,2.727794994017129
9053,219,35,0.5707762557077626,0.033446660434066244,0.062356038485723526,0.05795612375208757,3.475773844189329,3.00256999331356
12214,291,37,0.7147766323024055,0.026468615806994375,0.06259318433200149,0.06386647966943707,5.592315076173677,5.822151424006009
4289,299,25,0.6454849498327759,0.027664626083894958,0.055445872815917195,0.05618616050809448,4.016879830842191,4.124858943679157
20882,1638,182,0.6770451770451771,0.011553744597122282,0.018780141011846305,0.018742090635999343,2.6421177689976036,2.6314222445366005
1714,1537,174,0.3955757970071568,0.012472365962644056,0.03778459071594835,0.039868208220712784,9.17765554593002,10.217761112613157
14155,472,74,0.8834745762711864,0.014768499556117918,0.016954926796271707,0.016569133355752826,1.318011165822396,1.2587133493070455
19865,635,91,0.4,0.019441007070250035,0.043568819198391014,0.04425046777639779,5.0224319751134345,5.180816564596092
23805,1561,184,0.6290839205637412,0.012226176783934294,0.021414515626153294,0.02077141369154061,3.067857399289848,2.8863618020092403
27262,1472,170,0.5115489130434783,0.013028674026166467,0.022605890267712786,0.023841876680902117,3.0105288519511983,3.348732353391035
18174,230,24,0.5260869565217391,0.032924120317681785,0.06464079800896116,0.06585220538933373,3.854650957536743,4.000481698316222
17808,454,49,0.5088105726872246,0.0234625192626839,0.04886786288220515,0.04928378363431337,4.338078523225391,4.412236674542584
15453,2218,236,0.7078449053201082,0.009655950181625989,0.02297604218619392,0.023352693118106452,5.661876696045605,5.849030844590475
16875,582,69,0.8642611683848798,0.014197538701002523,0.01740627180906751,0.017431130053195756,1.503091433329992,1.50738768866791
7115,825,98,0.6896969696969697,0.016106278079089344,0.02740482225396667,0.02779967095517311,2.8951001587943437,2.979126364907384
10168,1053,117,0.6457739791073125,0.014738942191301868,0.024781514395823417,0.024290616966802698,2.8269820707855535,2.7160919011529296
28,301,38,0.8073089700996677,0.02273355686268302,0.04452030610989354,0.04545478568152923,3.8351424802258434,3.99783115812698
15137,256,25,0.890625,0.019506820659607595,0.0436076852159724,0.04301409063155748,4.9975032555669525,4.862375665726819
14395,1023,111,0.6109481915933529,0.01524291732654274,0.028683275295135577,0.028094619222272677,3.540962227968489,3.3971139311593945
2276,248,36,0.657258064516129,0.03013878523735205,0.043580242779914125,0.04405638835641066,2.0908737149270813,2.1368119113863635
20747,1691,156,0.556475458308693,0.012081198832603227,0.022378034525645622,0.02298300987211737,3.431024467185046,3.6190429994744804
2779,1180,126,0.752542372881356,0.012562465950690146,0.0226932982625856,0.02265908533118519,3.263213184931958,3.253381213486531
16247,1345,153,0.6066914498141264,0.013319548049773698,0.02107995418836823,0.02065405728893858,2.5047267135749274,2.4045387309572477
17599,2462,326,0.579203899268887,0.009949644588286892,0.02777357218701611,0.02829548964516755,7.791989307260604,8.08759308403229
7954,763,70,0.799475753604194,0.014495187116607997,0.02110284146347998,0.02141229867645787,2.1195039028098317,2.1821215251390904
21517,1024,106,0.5537109375,0.01553458638689129,0.03455346763015962,0.03435689454232909,4.947478167699874,4.891346337453385
1897,369,38,0.7588075880758808,0.022270730871141405,0.050251248178595095,0.05001801923840692,5.091254038823391,5.044104077455682
3254,1737,217,0.8054116292458261,0.00949877235716648,0.014298973922730227,0.01430913163039717,2.266077657325494,2.2692983541864664
12159,950,126,0.9357894736842105,0.00795298915178827,0.008544750523294594,0.008185057315992913,1.154351295352,1.0592114570665718
5993,463,40,0.8056155507559395,0.018390950865253605,0.032348559654000235,0.030570421832123308,3.0938662010522857,2.7630865876368156
14102,539,77,0.7068645640074211,0.01960685258262266,0.03396728559456516,0.03397091714394953,3.001275883182605,3.001917669185422
14008,270,27,0.8,0.02434322477800738,0.050684731703515964,0.05128546997151757,4.335089672009357,4.438461538461539
18781,271,27,0.8044280442804428,0.024094185259201872,0.03726792906451249,0.03709009844505583,2.3924674057210265,2.3696897034748443
25425,1591,170,0.7071024512884978,0.011409430050317842,0.017885142419894636,0.018391191193592952,2.4572927844422896,2.5983151072613406
18521,754,119,0.6127320954907162,0.017740072676738324,0.027714416433380983,0.02745654678320649,2.440622930336757,2.395416521542396
19214,653,89,0.6983154670750383,0.017961630686125402,0.028021171853482574,0.028199629101421538,2.433778567650445,2.464877085764203
12259,670,145,0.5582089552238806,0.01918533790022701,0.0345522525453741,0.03563300426998258,3.2434994269474475,3.449578041256598
25048,1129,148,0.816651904340124,0.011516213835894995,0.01481387888662709,0.014871451002208913,1.6546957011905967,1.667582190785314
9419,811,65,0.6177558569667078,0.01706351224826395,0.029849992451085983,0.030220628591891754,3.060212566429876,3.1366793864937073
25998,1122,129,0.4964349376114082,0.01492665641044614,0.04076485181602089,0.04208718156757566,7.4584170444691456,7.950137039599389
5494,1193,154,0.6018440905280805,0.014172561865370425,0.025213428879693342,0.025674090075429944,3.164951793982385,3.2816586003289006
490,2690,278,0.6026022304832713,0.009435218023179353,0.020149000680783097,0.02140228931390973,4.560402163451378,5.145369655597663
2954,327,43,0.4434250764525994,0.02747249266610721,0.089915143660655,0.0951928706451046,10.711975057672245,12.006397429468787
6633,1866,220,0.5702036441586281,0.011460156252076071,0.03502763097068415,0.036647300705519706,9.342012696585233,10.225932118737116
10368,969,138,0.5954592363261094,0.01576686229225285,0.024590403716781655,0.023350004787980203,2.4324323394175784,2.1932260667686294
22118,679,100,0.7820324005891016,0.015844314591881913,0.02367993309345069,0.023800301430129536,2.2336443714686665,2.2564099242997253
24233,647,101,0.7836166924265843,0.016188685144360934,0.02379567004433147,0.023541470659319053,2.160591800253997,2.1146769296965475
16848,1054,98,0.4981024667931689,0.015400916683569197,0.03663107610840871,0.037981768667820305,5.657260945467196,6.0821513891508765
11448,530,52,0.5924528301886792,0.021344102370890718,0.04068418919922305,0.0407759412250733,3.6332521580720725,3.6496582436559475
8196,322,32,0.8881987577639752,0.017561049190357884,0.024698661609454043,0.024957503130938502,1.9780894250673304,2.019767360580825
25615,1735,198,0.8345821325648415,0.008920229141432175,0.018591040744828445,0.018719195016202898,4.343655605773845,4.4037465540991905
10644,835,94,0.8095808383233533,0.013587582590376816,0.02638934315152111,0.026965144827542947,3.7720094068528756,3.93841176915246
11258,458,55,0.5414847161572053,0.023282910610028476,0.03635902792082807,0.03621483835361062,2.438652873211178,2.4193492177774005
26780,343,49,0.6268221574344023,0.02611457935259395,0.034313574310909735,0.03486701909682592,1.7264970829300301,1.7826396819629016
2572,202,24,0.9752475247524752,0.010931784482123279,0.009509096761693961,0.0094612535685592,0.7566523952019855,0.7490576468814377
2423,530,64,0.5792452830188679,0.021444099558745648,0.036578100007102966,0.03303408671410741,2.909555569727266,2.3730614219976434
22164,548,54,0.6021897810218978,0.020908090873353893,0.034406385167998266,0.03426722125883213,2.708004212534533,2.6861423219252982
3304,1420,167,0.7704225352112676,0.011160533218681322,0.03277447257858974,0.03195403357667046,8.62385675632606,8.197501135426792
27297,286,30,0.8461538461538461,0.021334622931739582,0.03864718922544174,0.03945335229142971,3.281450701354539,3.4197777144485615
11723,2715,251,0.8368324125230202,0.007091715029032816,0.012675306297535587,0.012420033958643247,3.1945844558251872,3.0672064942757995
10074,619,68,0.7560581583198708,0.01726137655138913,0.025632522244978057,0.025962417749514466,2.2051179910905216,2.262243838551603
2888,609,58,0.7996715927750411,0.01621879023810455,0.03208551355002097,0.03111543374663528,3.9136418163837647,3.6805676515544645
16380,1042,131,0.44433781190019195,0.015393174722529842,0.03257084749078975,0.033787960118880134,4.4771507751280915,4.818008345675406
10897,2558,230,0.7365129007036747,0.008710028725051212,0.01707738570871026,0.016757175507145654,3.8441789865121865,3.701369670824635
1514,270,29,0.8222222222222222,0.02326759306546123,0.044664817607773875,0.04483400483871205,3.684921244208945,3.712890569140567
2334,1742,146,0.6291618828932262,0.011573089455501917,0.026412305056705696,0.02639603470943256,5.208515838697301,5.20210077878953
25679,289,50,0.9342560553633218,0.014578469024604098,0.014613790649539072,0.014237191218860884,1.004851595129003,0.9537285846571171
15676,660,79,0.8833333333333333,0.012495790537008099,0.018134214999087832,0.018031111027712408,2.10605664321387,2.0821763142517846
19481,559,71,0.5688729874776386,0.020946157724684958,0.029511912847864124,0.029134274671452763,1.985116414640175,1.9346378569343432
21772,364,46,0.5467032967032966,0.02609254462153976,0.04887411489261044,0.049004866854236995,3.508527954665945,3.527325657777919
13100,564,61,0.9166666666666666,0.011637924744394339,0.014561774619573852,0.014311420262850235,1.5655881332970787,1.5122179239200508
7025,3139,260,0.7088244663905703,0.008108698113907239,0.014474088495563794,0.014618885405393179,3.1862524561552363,3.250321043295635
5282,420,34,0.7547619047619047,0.020992990433435166,0.030439710821059774,0.03009099920260467,2.10248268989953,2.054587315773803
1157,368,46,0.8369565217391305,0.019256584309959926,0.03276660852941766,0.033622063142864096,2.8953726936560784,3.0485281385281393
24722,205,23,0.7853658536585366,0.028675333971367054,0.03882111868880002,0.039662882214650225,1.8328170775691568,1.9131612290148876
5564,1323,158,0.8246409674981103,0.010454820998119202,0.02005563977014697,0.02054810217454377,3.6799323757901394,3.8628712226474473
2390,570,80,0.724561403508772,0.018711670814132005,0.029955723834447084,0.031048120205603057,2.5629167485511224,2.753248968848012
9314,1380,148,0.6202898550724638,0.013064232362531179,0.024308235229119245,0.024049455252746123,3.462095697147255,3.3887746890297032
16319,1465,173,0.7508532423208191,0.011300205405035558,0.022464269851968595,0.02272710452883868,3.951954532340538,4.044972219523244
670,1155,150,0.8467532467532467,0.010599443988769726,0.01546305282542431,0.015355484927405169,2.1282581767123094,2.0987509398691215
3052,283,24,0.5300353356890459,0.029668240899262982,0.0468809744665905,0.0476595079148852,2.4969489724836103,2.580569229187579
5101,216,29,0.8564814814814815,0.023855366016503166,0.03573705676718723,0.035004363001022026,2.244219828727556,2.1531396027363763
23849,293,33,0.7815699658703071,0.02413827871628304,0.03985259771973704,0.03977363784470496,2.7258419784001107,2.7150512678938696
19045,1373,161,0.8077203204661325,0.010635598415596775,0.020900293207578444,0.021386776654993125,3.861721021988271,4.043587141333696
18351,2145,284,0.5585081585081585,0.010721670437207776,0.023712540921183797,0.025027318569966903,4.8913786008776015,5.448835991795321
20624,760,92,0.7,0.01662274915510922,0.024798367635640115,0.02507982446514691,2.225566040086647,2.27637224930458
469,432,55,0.6759259259259259,0.022518000443015215,0.05826866511742813,0.058202731419964335,6.695923621451343,6.6807786985361854
12969,306,37,0.3954248366013072,0.027950939465318708,0.032734397977932886,0.03292345491092065,1.3715634302109683,1.3874520607140925
2324,748,83,0.8155080213903744,0.014182476215458529,0.0189822617185633,0.019260074939225384,1.7913967669714375,1.8442161351378221
14773,989,114,0.80788675429727,0.012527250237459283,0.022479866276179712,0.02196717489030975,3.2201488070422166,3.0749418680524263
1195,2068,210,0.6373307543520309,0.010572130983599383,0.02314988225299356,0.023932437929224514,4.794822144778027,5.124468313033649
16923,294,29,0.8095238095238095,0.022901371742317638,0.029211010908894688,0.02967331534585498,1.6269349207171293,1.6788393929000176
23976,570,85,0.6894736842105263,0.019380752026385034,0.034652292245687825,0.03386640536826848,3.1968531506156315,3.0534931854585787
11694,844,138,0.4372037914691943,0.01707443406992575,0.026339017692661948,0.026658562217615287,2.3796139823764144,2.437703100490812
2267,934,219,0.4989293361884368,0.016360462266280372,0.02692826477924414,0.027636491302532127,2.709103496871647,2.853478918070991
21653,1291,157,0.5189775367931836,0.01390573145262708,0.02723223432250599,0.02879598312183615,3.835119268420078,4.288210980985999
15907,398,60,0.2663316582914573,0.022157448586134307,0.040311756597305015,0.040638170797536455,3.309969147294373,3.3637894340036505
16613,628,82,0.4888535031847134,0.019947213604590903,0.03185332369106069,0.0314506114671975,2.5500284931319603,2.485957560826769
18866,625,86,0.5664,0.019822857109912283,0.027556919105157326,0.027884679068433168,1.9325414685532323,1.9787858678331542
18306,256,26,0.65234375,0.02976413673024351,0.04971434919214229,0.051626457660222586,2.789824828753237,3.0085558097288567
22693,2051,218,0.8200877620672843,0.008481598073904105,0.014595670242231597,0.014688968683873791,2.9613702503649235,2.9993505937499454
25621,1669,177,0.877771120431396,0.008017692410698666,0.010518858419917862,0.010609156954244298,1.7212281386699118,1.750906548197601
14580,2931,259,0.5574889116342545,0.009174286248026773,0.026744754691457782,0.027679094984327336,8.498311868447562,9.102468801131312
5891,464,56,0.5862068965517241,0.02286430977768063,0.03214339469465568,0.030261136741927083,1.9763656229698165,1.7516780379863544
132,871,81,0.5545350172215844,0.016840779735768127,0.02287290637250344,0.02289148557475558,1.8446684212554894,1.8476664125511022
20908,503,82,0.5308151093439364,0.022251518546081362,0.036116727578782926,0.03685506052710094,2.6344956002378477,2.743310390316228
4684,2059,202,0.5745507527926178,0.010895819634455354,0.026517894912489293,0.027564639195010638,5.923225673735239,6.40007131728832
13458,1428,165,0.4789915966386555,0.013219718502095829,0.03663240880922164,0.039409093015762085,7.678679472194429,8.886862583867453
26751,1905,264,0.7238845144356956,0.010243126475732105,0.01839742867574676,0.018628240267250667,3.2258872610659175,3.307338080700509
249,637,75,0.48665620094191525,0.019803665162996094,0.037652477236035244,0.03803879988211681,3.6148972697084427,3.689457089660025
26414,2292,158,0.7731239092495636,0.008748057131501787,0.01575318179037434,0.015435914309609314,3.242749105554773,3.1134471398218264
21099,1005,94,0.5522388059701493,0.01568569101562392,0.03269337758321948,0.033629668006006204,4.344224583557136,4.596612018855641
3584,1558,175,0.5012836970474968,0.012667323049838383,0.0275684221330027,0.026637003810441935,4.736462766419438,4.421819931969494
27116,709,159,0.7348377997179125,0.016577858694807556,0.026586287619686257,0.026876980218672,2.5719263656595257,2.6284763655508203
23872,212,20,0.8537735849056604,0.024267014126933308,0.02807212441298311,0.027329157194317243,1.338190289153143,1.2682935721558428
19225,916,111,0.7358078602620087,0.014567815105284694,0.02176969743806759,0.021768872648299457,2.2331399692815035,2.2329707582843206
11234,850,92,0.8105882352941176,0.013439841915075438,0.02439668518210585,0.02391026188151463,3.2951358434322957,3.1650483214386576
10092,282,24,0.9326241134751773,0.014927291446489176,0.011607233754543578,0.008681355049859889,0.6046379983159376,0.3382306904957034
6095,745,112,0.785234899328859,0.015045392266833506,0.018295429056772408,0.01808816293067975,1.4786935114337902,1.445379504439907
14538,1452,184,0.6818181818181818,0.012223305336982678,0.019075769135963674,0.019396450778210342,2.4354924883979896,2.5180666217924057
16507,638,114,0.40752351097178685,0.01945367050718752,0.06208127287885854,0.0649479079632914,10.18399351487755,11.14621001010992
22467,985,101,0.3522842639593909,0.01522021302725112,0.07001515635430008,0.07578558497439962,21.161315583262738,24.79315253790368
19173,622,90,0.3054662379421222,0.018468562644148853,0.04815481422972397,0.0515895379186793,6.798502003738165,7.802918705231591
2283,219,26,0.7123287671232876,0.03058907903813698,0.04594018955537925,0.04621650309479836,2.2555515766228655,2.282765818656229
5100,555,88,0.6558558558558558,0.02016637787875002,0.02652476517673383,0.026913625608807397,1.7300047440066706,1.781101264184854
3858,608,66,0.5953947368421053,0.019905196532185015,0.041054273067239855,0.039374016943282,4.253865885303846,3.9127897115473265
1099,597,71,0.7839195979899497,0.016844428663916677,0.02819717827350606,0.027786541412352712,2.8021974287250457,2.721174653972363
27293,1068,119,0.6769662921348315,0.014309412954718324,0.02863491941492253,0.02941140144842149,4.00449998348537,4.224621489357414
13539,589,66,0.8285229202037352,0.015530936917307635,0.01952480642663751,0.019261151683245725,1.5804405438437739,1.538045528015959
13775,703,156,0.7880512091038406,0.015413988443461256,0.023059453598168203,0.021948741158161537,2.238040629978309,2.027632182446687
14277,290,47,0.7551724137931034,0.025249584444446714,0.04999504834313276,0.051098358287472834,3.9205366262819523,4.095485799450267
24558,391,47,0.578005115089514,0.024976469848371853,0.03299107484597598,0.03265406064486516,1.744740406081822,1.7092763308621481
16410,834,73,0.6762589928057554,0.016202139164175962,0.031605528901865666,0.031619997281257015,3.805234350987921,3.8087190688741352
23237,913,124,0.3132530120481928,0.01535007920287131,0.022617190101536528,0.022738985728930072,2.1709811638260854,2.1944259829098276
19654,686,86,0.6501457725947521,0.018209032734797227,0.03353683846261447,0.03392619845514039,3.3921143544830255,3.4713359270678144
7561,1078,150,0.8070500927643784,0.012018856571915523,0.019851340591244968,0.019754829698147642,2.728056598355686,2.701595194569705
17613,779,100,0.8382541720154044,0.013192760448804077,0.0174217207516064,0.01730638995793235,1.7438564947344664,1.7208444566197636
15512,1188,152,0.680976430976431,0.013522880331141164,0.024368122943611348,0.025150296244154467,3.247175373260144,3.458978003747797
13117,265,20,0.5547169811320755,0.030530285117283326,0.03569759442193669,0.03559431108541278,1.3671500470930302,1.3592503805083544
13982,257,31,0.6614785992217899,0.029517828286386938,0.05013085307616304,0.046362868974270624,2.8843063501692154,2.4670150634608703
5933,1071,138,0.5788982259570495,0.01508689644655909,0.0280379203166944,0.028577877190096676,3.453756978362549,3.5880634328100163
2248,1908,224,0.34643605870020966,0.01089347399344906,0.04594816022776007,0.0488961298312495,17.791126671277993,20.147268282903756
23372,500,56,0.396,0.02187162545399861,0.04196471311259023,0.04223114595909258,3.681343958253901,3.7282378608480955
3867,1154,148,0.4696707105719237,0.01469151697022122,0.03137647379074231,0.033081263241755136,4.561156632337153,5.070267680213052
6339,970,123,0.6494845360824743,0.015319766002903537,0.02701037817243063,0.026891748674308033,3.108544335668473,3.08129886397689
11080,800,93,0.5775,0.0174640255239163,0.0239261812395497,0.02403051591768351,1.876973155936265,1.8933786468548168
5992,1559,171,0.47915330339961515,0.01265229014657346,0.029399303863250553,0.030383951650146644,5.399279484123088,5.767003661078239
22959,380,42,0.8552631578947368,0.018048770817066687,0.022332408224499247,0.02280528851282036,1.5310023426183479,1.5965255796834745
17341,249,28,0.6144578313253012,0.03084482504930974,0.04029689225085568,0.03920289313012278,1.706783695818463,1.6153685183726918
19776,255,33,0.5607843137254902,0.03107898017385303,0.07081603818749829,0.07645857137658879,5.191940826024772,6.052277593729798
4468,964,168,0.7385892116182573,0.014152224730881718,0.021145558627298895,0.02165827438812211,2.2324867659892913,2.3420613665670653
1266,439,58,0.8132118451025057,0.018601340981339594,0.02893846715151018,0.02846467817598684,2.4202628717467314,2.341661136671936
27570,436,70,0.5022935779816514,0.023945405196946826,0.04128088222003948,0.040166736554533365,2.9720325346002547,2.8137707765338105
12238,1793,207,0.7311767986614612,0.010470186813679635,0.015627083077938468,0.015844154190186158,2.227650121012884,2.2899671855384085
20498,544,95,0.5220588235294118,0.02141645053459877,0.0475970038357238,0.04913210497337728,4.939286772224348,5.26302888090069
106,402,33,0.7960199004975125,0.020097536946527102,0.03218285806073244,0.03258700610697947,2.564268799866161,2.6290766773980714
26952,571,92,0.7162872154115587,0.01886535573536624,0.029042107193912432,0.02910093452466031,2.3698794240498757,2.3794899441879167
4668,232,33,0.6939655172413793,0.030255904106164095,0.0631231803649312,0.06137707421676332,4.352687356979665,4.115210872619525
2453,1086,128,0.7007366482504604,0.013895982899568239,0.028478524122803283,0.029021138769817243,4.200068903148763,4.361645430236005
3285,298,26,0.8221476510067114,0.022151165448065648,0.03420574813332932,0.03513717831838306,2.384542269782012,2.5161736128160275
26024,857,115,0.5320886814469078,0.017044465032424426,0.029833167908153272,0.02944213098097027,3.063599537988495,2.983813890375152
12579,360,45,0.5111111111111111,0.026345806287079613,0.04794945107704247,0.048002726519811634,3.3124115551618245,3.319776320517427
26429,2062,293,0.6037827352085354,0.01077116583835203,0.019703114458859347,0.02003646082191984,3.3461417551429204,3.4603226697079084
20362,1068,148,0.8043071161048689,0.012139836730785511,0.017681499083718997,0.017691246226824206,2.1213507106797795,2.123690196501687
17092,428,47,0.7546728971962616,0.020798415840648045,0.036123063166153754,0.03604387887155008,3.016536792285744,3.003326365726683
3519,1323,134,0.5109599395313681,0.013743132132831298,0.024652055525727117,0.025171964859875134,3.217620575845207,3.354770300204524
26764,1274,156,0.6946624803767661,0.012903047439611234,0.021934407033987052,0.021150688129809928,2.889796153658536,2.686979883783091
10786,362,46,0.8342541436464088,0.019544125415941475,0.02819680377550646,0.028263475317001623,2.0814562280053885,2.0913111010831535
17257,203,22,0.7733990147783252,0.029382225342878814,0.04255126953473887,0.0450183115429464,2.097276417832415,2.347518558412201
4521,210,42,0.9476190476190476,0.015374249994655845,0.01918884896815631,0.01965834151776003,1.5577938030411367,1.6349552641255034
6231,676,67,0.3076923076923077,0.01775147928994083,0.03466277412860944,0.0363110528267372,3.812918602869016,4.184162881278267
21385,1781,211,0.4003368893879843,0.011610061281283505,0.030599844542825654,0.031969136234929,6.9465539999024415,7.582157133376851
1310,693,72,0.481962481962482,0.018981066283607278,0.03837886172825012,0.0401106958229554,4.088301990233508,4.4655934326166635
2627,672,141,0.6592261904761905,0.018283767694618463,0.027452327643746582,0.027519727749562906,2.254379142600704,2.2654624955717297
10093,459,63,0.7320261437908496,0.020672983885732507,0.03860045242661937,0.0386012780714042,3.48640999298315,3.486559139784949
9109,902,152,0.8004434589800443,0.013307456187988745,0.018112010646411533,0.018117436783372718,1.8524361156259608,1.8535462163139012
21583,1774,178,0.6020293122886133,0.011621376026127445,0.028412827746129014,0.029723089676469815,5.9774205121151915,6.541431475288744
23142,462,26,0.8831168831168831,0.01494734291860653,0.031831998012249216,0.02181064395720156,4.535235064686077,2.1291633421045177
10097,2724,257,0.6864904552129222,0.00888871709107329,0.01748541834566511,0.017750112753884176,3.8696696150685597,3.9877145674108068
27166,250,25,0.62,0.03069853416695983,0.043055158892289516,0.04131537244174376,1.9670487131157646,1.8112903225806452
27188,222,21,0.7252252252252253,0.029960454260067205,0.04814213939710253,0.04853444341018682,2.5819866023236546,2.6242386006819363
26476,907,104,0.4994487320837927,0.016602217413558384,0.02976280907439161,0.030176461277663554,3.213776295526338,3.303729077663541
10404,687,81,0.6899563318777293,0.017645902162923305,0.02992487900486761,0.029774332026453555,2.875921796159872,2.847058036405931
4202,936,118,0.5908119658119658,0.01607119532892949,0.026202839325639948,0.026097971221699275,2.658277702890335,2.6370425458871196
10901,1069,119,0.8671655753040225,0.010380481085642372,0.01404927897638257,0.013865958553428297,1.8317791433702704,1.784287498099316
483,302,25,0.31788079470198677,0.026795311630387935,0.04774275732875773,0.04934032701468829,3.174661100951531,3.390677017474299
1048,317,41,0.7066246056782335,0.02557270036953991,0.04609463944653881,0.04717569208175483,3.2489846858190754,3.4031679301923266
26097,830,95,0.5216867469879518,0.017338920805659054,0.03717171865027809,0.038847403142203245,4.596012029316102,5.0197242328726235
2426,881,107,0.8558456299659478,0.011833784896007239,0.020838590965783676,0.020892689621247868,3.1009114070756834,3.1170327361056906
17425,427,51,0.6112412177985949,0.023590246836653745,0.03289584080826191,0.0318039691067741,1.9445405871644443,1.817597327856204
2085,374,38,0.8315508021390374,0.019352766912468733,0.03200658127085176,0.03189413228455853,2.735221140719061,2.7160355524266997
16791,343,50,0.6005830903790087,0.026445556700192836,0.03862320601034559,0.03523567604250707,2.133001759804491,1.775251095997765
23012,263,29,0.7034220532319392,0.028164337686766728,0.04208205616962449,0.04307438803770868,2.2325172220115084,2.339048066994836
21061,861,118,0.5063879210220673,0.01703856370911212,0.031933067776098195,0.032576266652231185,3.5124918122199817,3.6554147297611435
4748,1242,165,0.7383252818035426,0.012472225505522157,0.021110726960251222,0.020496680054813962,2.8649593769978874,2.700717352672701
13040,1108,118,0.5667870036101083,0.014886438239403698,0.04457805335739608,0.04402081456441058,8.967277291484029,8.744491281451205
10371,1095,141,0.37625570776255707,0.014639888905267979,0.03236685555873845,0.0325457913671705,4.887935396878985,4.942129373070616
25587,375,42,0.6586666666666666,0.024485363730952354,0.034877174328846024,0.03287845701107472,2.0289412159443185,1.8030581613508458
7251,3133,383,0.5397382700287264,0.008904588235053426,0.02221357344678239,0.023203219763990063,6.22313429182137,6.789985133481314
27313,1039,133,0.7276227141482194,0.013811180278215911,0.024501975041794875,0.024457845190895874,3.14731779989488,3.1359909098073566
26146,257,35,0.8949416342412452,0.019126967287017974,0.01988152940594317,0.019884623877454446,1.0804566567681866,1.0807930194766304
6557,689,112,0.37735849056603776,0.018466580655565452,0.04001872359568899,0.0405226750967441,4.696274684492438,4.8152987926572814
15017,1388,138,0.9452449567723343,0.006106459969875369,0.006988749882233267,0.006835632784855662,1.3098451818841823,1.2530789057432508
23105,715,68,0.6433566433566433,0.017913891660197943,0.030510363931956455,0.030516347311412693,2.900780646917197,2.901918501139785
20562,1013,134,0.8489634748272458,0.01125073182818731,0.01582052726808755,0.015593472257543164,1.977335489657169,1.9209856380096924
12112,1370,129,0.40364963503649637,0.01325539711513215,0.035403561565475236,0.03712827302733742,7.133594541569149,7.8455611502741665
16580,434,94,0.6082949308755761,0.023431054266177375,0.03564035782801934,0.035992787309634816,2.3136648659202534,2.3596484259519075
9722,463,72,0.2786177105831533,0.020835148588406658,0.05603268524085483,0.05830276536105054,7.232520396086516,7.830420858187202
4087,824,94,0.691747572815534,0.016086570573454955,0.024365165334412447,0.023738619699592647,2.2940970594108316,2.1776294875135602
7763,490,56,0.746938775510204,0.019640713709003107,0.037186683269968615,0.037537142578600975,3.5847622630319873,3.6526485677199587
11340,326,30,0.7300613496932515,0.024586879598612863,0.03167452544921807,0.03132541971193995,1.6596381329949321,1.6232558180877599
14779,692,76,0.8554913294797688,0.013366007844545164,0.02646631415282781,0.026589004487057855,3.9208795697995664,3.957316002707912
1889,3108,248,0.6077863577863578,0.008757826084163103,0.020425958348561903,0.020516436934433724,5.4396662046540785,5.487963901139111
18849,609,91,0.6798029556650246,0.018905646680574248,0.032428794462086484,0.033178601320456205,2.9422429685504152,3.079874877376126
6693,1553,167,0.6439150032195751,0.01215081425618941,0.018629847520009905,0.017863112459067597,2.3507575333818496,2.1612425072649275
434,964,119,0.7738589211618258,0.013473552212852001,0.021910874547371017,0.021947527696742245,2.6445708414433535,2.6534260722171004
18903,513,64,0.8284600389863548,0.016644078423493802,0.02345741728391387,0.023552092317166852,1.9862818779932903,2.0023476529840485
17560,314,38,0.6624203821656051,0.0266864083978292,0.03142608871656159,0.03137226108644149,1.3867571328822483,1.382010635615971
17662,611,76,0.32242225859247137,0.018909126545262417,0.03404039475470182,0.03582034851216404,3.2407552932616435,3.5885307943137454
26080,264,27,0.7613636363636364,0.02623387308270758,0.023177875251403014,0.022030841356651683,0.7805889800807032,0.7052406548675204
3982,414,43,0.714975845410628,0.022186374909351984,0.03700077114323465,0.035040667591861085,2.781306532433635,2.4944341778350627
5743,2252,349,0.9058614564831261,0.006153616611269202,0.007264485311373479,0.007185846305325797,1.3936343112661969,1.363625073844008
11972,543,73,0.5138121546961326,0.021448865243314737,0.03563819575172619,0.035446206763289335,2.760722638526894,2.7310577994743768
23773,931,118,0.48872180451127817,0.0163826688671949,0.03881535292944475,0.04032278948040826,5.613552287804103,6.058035729603791
11208,1633,187,0.6135946111451317,0.012049506582879952,0.024505671099002882,0.02420220568787779,4.136134703201725,4.03432952470515
12314,724,123,0.45027624309392267,0.018490237382247372,0.04591545774176236,0.047172194625220654,6.166416612269028,6.508594125190393
11719,417,45,0.8729016786570744,0.01631114859464487,0.01749179231234884,0.015907499440630763,1.1500044898863029,0.9511187536503132
6174,323,39,0.739938080495356,0.02440814698837674,0.034388011162901966,0.03310281367496737,1.9849268117124115,1.839332306828317
22133,924,145,0.3625541125541126,0.015815105525944707,0.04100579368301944,0.0425233679331695,6.72273908626177,7.229547578188229
21083,926,114,0.5961123110151187,0.016124596657146228,0.021351650489057492,0.021171451931860787,1.7534168818895541,1.7239456335547896
27512,236,21,0.7203389830508474,0.02921651585888887,0.02808874300233878,0.027194013365161758,0.9242889501534256,0.8663427898123812
11783,707,64,0.7468175388967468,0.016353637095209136,0.051924214121802495,0.053839893113810926,10.081174963917755,10.838761647608534
14541,240,40,0.6,0.03162277660168379,0.0411834250194272,0.04017412244169267,1.6960744963307826,1.6139601139601147
19739,1166,231,0.7015437392795884,0.013400421166584789,0.022610671201303674,0.02268512095377076,2.8470166887844304,2.865796197255894
26678,1035,226,0.6260869565217392,0.015039467542323562,0.025289464937357925,0.02545057708351925,2.8275764778208043,2.8637186444580367
15618,1689,170,0.6489046773238603,0.01161416921806548,0.02661476605080458,0.02767065319703422,5.2513263294309755,5.676263185593126
19185,389,51,0.5449871465295629,0.02524818487950846,0.052328876033361234,0.049617413291361157,4.295586709756476,3.861961282568362
23786,682,79,0.966275659824047,0.006912419128262181,0.010016828538608127,0.009759641774238763,2.0999084111082134,1.99346046904718
1214,1663,177,0.36981358989777513,0.011838040607581816,0.039568243836886695,0.042356604583447185,11.172076476155054,12.802141601810199
11209,2431,235,0.7017688194158782,0.009278570638963238,0.017894929008088374,0.018295591270253812,3.719613392825873,3.8880401583400395
16506,702,81,0.5170940170940171,0.018860252095020742,0.02888333203638227,0.029444317958161437,2.3453064546574276,2.43729451361189
2491,235,28,0.8638297872340426,0.02237284504504277,0.027274639616485952,0.02797016264780938,1.4861943721085327,1.562958886986767
6955,238,28,0.9243697478991597,0.017138868924664253,0.017420527887920777,0.018116406785311547,1.0331379329959742,1.1173257630773976
22265,440,55,0.44772727272727275,0.023705942963329178,0.05228513341331851,0.05417870011284103,4.864542149454089,5.223272595254066
4541,724,72,0.6298342541436464,0.01794493828396025,0.034950234239994146,0.035446686141570635,3.7932917235163157,3.901820998338378
20331,1094,118,0.49817184643510054,0.015116750333152485,0.03541526406939813,0.03839382297557787,5.488631680986113,6.450685008878113
5019,1445,168,0.8283737024221454,0.00991907433584308,0.019280400349100574,0.019034934367457592,3.7782422939178035,3.6826502721523657
4361,848,77,0.5566037735849056,0.017059690324887834,0.038378066441673166,0.03715118861414722,5.060854995234918,4.742454135064644
21848,411,57,0.7031630170316302,0.022535443211876956,0.0436447118224777,0.04471483328795089,3.7508617121334797,3.937050849241146
4203,787,85,0.5781448538754765,0.01760405195548199,0.05199196656847493,0.052712262112127886,8.722625085905083,8.965985349122908
23046,707,106,0.6237623762376238,0.01821927085783771,0.022726754151115913,0.022687953134281416,1.5560116461527782,1.5507030750131425
22385,244,30,0.6680327868852459,0.030147518624718962,0.051772487144897184,0.05138183892107589,2.949136767559767,2.9047993743135376
9622,1180,129,0.6279661016949153,0.01407078584343108,0.028252134552264295,0.027983707486558436,4.031492215668838,3.9552487199879103
23966,653,100,0.7947932618683001,0.015803973987850304,0.02353572913080128,0.0226766236250989,2.2178016486242957,2.058847462506609
20711,418,48,0.5909090909090909,0.02404817419832377,0.038337369843082655,0.037530583121130535,2.541443216881151,2.4356024714367384
22508,373,57,0.6916890080428955,0.0239108781034287,0.035889668106799104,0.0358946004947548,2.2529307020345373,2.2535499940169137
9255,976,103,0.8401639344262295,0.011729905109974417,0.020171916755132847,0.019780965001606855,2.957367778460519,2.8438451919383056
2262,1895,205,0.5044854881266491,0.011485447495282665,0.025833741104217673,0.02650331817971037,5.059164073658828,5.324816661779813
13534,320,42,0.746875,0.02430616783703007,0.04062756714993199,0.037935229273157525,2.793885789344931,2.435860660384848
20244,1918,240,0.7304483837330553,0.010131912602761696,0.01821045518140735,0.018676510728024065,3.2304180846849793,3.3978845082011455
25975,584,54,0.9023972602739726,0.01228070968426973,0.013553885182174921,0.013611893344111003,1.218093638486629,1.2285423883043547
12200,277,39,0.5595667870036101,0.029828135742938366,0.05706116586296324,0.0561688105427759,3.6595615844011533,3.5459959287937823
14020,2164,156,0.4625693160813309,0.01071817914082928,0.030520018582107247,0.0316171908445805,8.10825809831811,8.701708655670865
21166,462,69,0.7857142857142857,0.019090088708030313,0.03399955597488802,0.03388695544888665,3.1719811490073075,3.15100585688821
18898,941,193,0.8289054197662061,0.012276534940572372,0.01913623453061624,0.01915567528068923,2.429748717305374,2.434688051779101
24585,857,104,0.7607934655775963,0.014572346708021832,0.027017441576964233,0.027716877761116625,3.437395079915737,3.6176756101407284
3314,528,88,0.6136363636363636,0.02119028047186572,0.03589859209716086,0.03619691809780326,2.8699968673918343,2.917895808813095
4695,326,33,0.7852760736196319,0.022742730370921532,0.03758615218399208,0.03749660190895674,2.7313070807333717,2.7183077224611094
7155,537,54,0.5139664804469274,0.02156817338604013,0.043059447137536976,0.04228067538751043,3.985751025223939,3.84288244830889
8459,2228,202,0.7100538599640933,0.00961272943998938,0.01856685803144731,0.018979777406627266,3.7306404573198226,3.898421484821856
1334,1810,198,0.8353591160220994,0.008716982323557464,0.013388672087923208,0.013265184478189813,2.3590800584234772,2.3157637826465147
13652,234,42,0.5769230769230769,0.032296889336908906,0.05059888126358882,0.049084329827968766,2.4544853179302506,2.309746621941744
2480,2155,210,0.48584686774941993,0.010766444581734187,0.02195636532516791,0.02240946006669571,4.158878932207185,4.332296451325339
5443,255,25,0.9058823529411765,0.01828526842719691,0.02679809166534063,0.025447364161318826,2.1478554808133197,1.9367917621594088
19424,2785,294,0.7418312387791741,0.008292620758762834,0.017059922583395188,0.01753794640595043,4.232242100457253,4.472742211488514
16650,1777,338,0.5981992121553179,0.011630130728451636,0.028799624121236368,0.029725548265730813,6.132032476569113,6.532667504715356
5129,286,45,0.7027972027972028,0.0270245481863625,0.033177559091331014,0.0334831401641374,1.5072037949748016,1.535095780586242
8796,372,50,0.9327956989247311,0.012981364123053674,0.017558379070575603,0.0170707492205898,1.8294821557807956,1.7292767436992456
26670,670,82,0.746268656716418,0.016811143635309337,0.03206402636322723,0.03285598003071063,3.637823266467196,3.8197446753162314
24378,559,78,0.855098389982111,0.014888081787325891,0.023211329188916517,0.023366298291577162,2.43065057416199,2.4632151172970476
4484,1199,154,0.7381150959132611,0.012697191939603863,0.02346350075757858,0.02296351519533453,3.4148391305539154,3.2708555845974656
27328,587,60,0.919931856899489,0.011201821733759892,0.017132804338037967,0.016981581309403672,2.339265933357119,2.298153027636837
23015,2303,181,0.6569691706469822,0.009892182105647317,0.020112515326091485,0.020442626199963287,4.1337915262379985,4.270602692825264
2626,1306,161,0.7718223583460949,0.011612444000665032,0.0212279232537647,0.021527422105657286,3.3417022594186987,3.436661736708512
1270,210,23,0.5857142857142857,0.033992510465331416,0.03862017114224993,0.038711330322789186,1.2908087720852126,1.2969096224773256
23863,2029,228,0.6752094627895515,0.010396326742333784,0.018222525762009927,0.01830668462884945,3.0722553212858776,3.100698643641795
1447,365,40,0.5534246575342465,0.026021371930988146,0.06358465672961879,0.06338226166569878,5.9709616466828574,5.933010044492914
25041,756,88,0.49867724867724866,0.018184760551300073,0.0346714626776652,0.0350143718655492,3.6352070620736026,3.7074688085117717
21452,1472,173,0.625,0.012618325829488254,0.027678571394149764,0.027681368722349314,4.811537402998526,4.812510005898214
10820,1349,147,0.6130467012601928,0.013260810891905842,0.026067477507442278,0.025785899415567876,3.8641844758143136,3.781154341035941
15766,287,52,0.5853658536585366,0.029080728141339333,0.03922331897805011,0.03749743525519505,1.8191902789930214,1.6626183711169784
3000,1362,192,0.8384728340675477,0.00997191874389589,0.015483051715890931,0.015476720394367031,2.4107693805568395,2.4087981625299997
12499,578,91,0.43944636678200694,0.020644178511349847,0.037433694036939365,0.037682157318189004,3.2879875250044326,3.3317799100457393
5760,531,61,0.8173258003766478,0.016768296717122048,0.024344892512348858,0.02452451446528658,2.1078408759545604,2.1390598468160427
19672,1769,117,0.7100056529112493,0.010788517065744107,0.023166635991301872,0.02323803669583841,4.6110777359466075,4.639544670644464
18274,224,24,0.7946428571428571,0.02699087037568493,0.049543065005228405,0.04942468987031849,3.369240114808867,3.353158841752967
7455,1502,160,0.4414114513981358,0.01281246953093651,0.035234613785923526,0.0358200825563214,7.562638472546748,7.816052604859032
26574,1318,144,0.575113808801214,0.01361618680249712,0.029676770638368356,0.03027963906110291,4.7503135701708805,4.945274305212804
2987,1462,126,0.3734610123119015,0.012650945920816767,0.040575172367644914,0.04257573297048909,10.28666859347155,11.326044620246332
10078,1087,127,0.6853725850965962,0.014084676396519339,0.023769201722955793,0.024356387077814165,2.8479702364344703,2.990418619738789
2952,1337,161,0.6484667165295438,0.01305754005711865,0.019564232480040022,0.019775709836151324,2.244930477873384,2.2937254256327755
25186,639,119,0.3427230046948357,0.018775668783280013,0.04233820304825327,0.044919998754396645,5.084801598333066,5.723855222763975
2540,2174,288,0.8472861085556578,0.0077147977501545815,0.011756303482949794,0.011862847541860856,2.3221618556041355,2.3644427757833464
4579,294,30,0.9013605442176871,0.017390054388949427,0.025149617188263952,0.025543656452031206,2.0915144873553224,2.1575667890829857
22964,1120,123,0.8616071428571429,0.010318165077507286,0.01652654724810245,0.016281378221286655,2.5654249588098463,2.4898740958476813
12380,1433,197,0.6161898115840894,0.012846724506819623,0.02121004093676001,0.021219473699124032,2.725826388503815,2.728251446533894
8831,981,102,0.6330275229357798,0.015388402577441007,0.024818165692865178,0.024594856167201008,2.6010714405109994,2.5544740513141866
12945,797,64,0.6336260978670013,0.01706670307317006,0.0258270490793915,0.02368709986018927,2.290078187905747,1.926302625327194
15430,387,52,0.8682170542635659,0.017194449629477117,0.02945788181069077,0.028656898827994597,2.93512412676017,2.7776775096723596
7066,245,28,0.5795918367346938,0.031536512012249655,0.05186770931303172,0.0528846937282336,2.7049972034683414,2.8121123721834778
18629,921,126,0.8588490770901195,0.011472827732979748,0.021117053925019474,0.02047743614229464,3.3878620083224043,3.185739169769148
26890,464,87,0.6487068965517241,0.022161547299376208,0.032410396113224146,0.03239582333606034,2.13879184501311,2.136868935478779
24088,1664,128,0.5174278846153846,0.012249810360527623,0.024439175766903694,0.025102712753576725,3.9802869144554642,4.199354924395769
11816,2044,280,0.826320939334638,0.008379298544959326,0.010495871226137063,0.010558636500038365,1.5689953597251332,1.5878166412923642
11235,494,59,0.5809716599190283,0.0221991168756922,0.026666781465263495,0.02647517332718112,1.443011553671846,1.4223491862057043
7225,1565,176,0.5827476038338658,0.012464719132069367,0.03036619492414148,0.03035907294640636,5.934932132121118,5.9321485434716585
6648,1137,114,0.772207563764292,0.01243816870199141,0.02006390592503486,0.020183016720012083,2.602064632538628,2.633051017804786
21182,307,31,0.8110749185667753,0.02234117997334842,0.036661814690356044,0.03624751855453646,2.692871944001054,2.6323543302717787
16667,841,111,0.8906064209274673,0.010763185588263953,0.017140103949995933,0.01725047785841035,2.535976619803029,2.5687426846905694
22284,603,68,0.8159203980099502,0.01578221925603294,0.018278532430878427,0.017386313425489328,1.3413635543701576,1.2136092103818081
10856,2473,319,0.8071168621107966,0.007934202553541339,0.014672869957146503,0.014430810431358012,3.4199800295689005,3.30807141385739
10570,709,110,0.4795486600846262,0.018762179596456374,0.04153080009291108,0.04248921567410445,4.8997510893596,5.128505800276339
8939,603,85,0.8092868988391376,0.01599863251859742,0.02279303761072002,0.022630002315709812,2.029731951524834,2.000799042355115
10710,260,36,0.8884615384615384,0.019522928643805813,0.032940419138325856,0.03357817274949749,2.846874405111042,2.95817719226586
11299,352,35,0.6505681818181818,0.025413021370583315,0.035349150268859646,0.03684458073080455,1.9348413214462625,2.102009306031691
3187,1304,143,0.526840490797546,0.013826255033886644,0.03795676884415313,0.039472160739303035,7.5364937469902555,8.150282729582553
23567,837,106,0.6248506571087217,0.01673506800400257,0.026563708948589764,0.02644548532191312,2.5195469951794234,2.4971700644254575
2365,479,117,0.6951983298538622,0.021032711972225622,0.030469727880667864,0.03065406312445912,2.0986818287253315,2.1241517797995177
26397,210,41,0.9142857142857143,0.01931781153665181,0.025107503006212444,0.023513613068544572,1.6892393794686684,1.4815724206349208
15911,2149,283,0.3848301535597953,0.010495759219633825,0.027197930159139933,0.028661662898691535,6.714968662408308,7.457187266819563
12430,1246,154,0.8507223113964687,0.010095604795492564,0.013876669623402872,0.014173046130575375,1.8893212743632628,1.9708869724785343
25564,436,61,0.8692660550458715,0.016144600354955744,0.027445497397045243,0.02698883994262671,2.889931934194976,2.7945625685412074
8210,790,112,0.6227848101265823,0.017244477758613493,0.034958268127777595,0.03573840132168882,4.1096016315630575,4.295069046431944
18875,538,84,0.8717472118959108,0.014415760327274249,0.018801062729090476,0.018471560014962654,1.7009427262981744,1.6418445820945804
3634,601,76,0.8286189683860233,0.015371688521916461,0.024495504759873325,0.023807306710821055,2.5393913426629475,2.3987079946146266
23761,371,41,0.7035040431266847,0.023711320009222683,0.06649694305796755,0.06663705686706049,7.864876326496612,7.898054957043246
10179,300,27,0.8433333333333334,0.02098588590952041,0.026975496635881363,0.02767560714364241,1.6522824242129397,1.7391606450903403
7658,331,41,0.7824773413897281,0.022676401591259346,0.036828836308135375,0.03623858774090731,2.6377140575234734,2.553843320554046
9138,238,22,0.7436974789915967,0.02829997912024798,0.05843470199930022,0.05083738110755515,4.263531117082874,3.226963916992194
6823,2414,264,0.575807787903894,0.010058922910189703,0.020006899870004993,0.02003164866370459,3.9560032306245443,3.965796538348404
21186,1022,91,0.576320939334638,0.015457001599699408,0.029783780814273506,0.02946031919807556,3.7128649317240283,3.6326569931128097
1122,728,68,0.6565934065934066,0.017598955115847203,0.03449608485722739,0.033912811072552215,3.8420750823374648,3.7132467836915493
23750,855,99,0.6982456140350877,0.015698127296060974,0.02659534239984723,0.026334735178114705,2.8702219346957993,2.8142470401617143
10100,360,54,0.5916666666666667,0.02590566337814433,0.03676793284153662,0.03606206857637244,2.0144152084276086,1.9378128609934548
14700,215,23,0.9209302325581395,0.018403455100093714,0.023770799114941368,0.02414618694064045,1.6683564006233025,1.7214657456294074
5659,746,93,0.5817694369973191,0.018059840921765966,0.03353089746009433,0.0336071416416646,3.4471685114393997,3.4628630126721403
8388,1487,143,0.6220578345662408,0.012573974387216774,0.024222518731530977,0.02449846527962405,3.7110213943755896,3.796056033714742
1352,707,76,0.5926449787835927,0.018478815727795472,0.030063675641409958,0.02920532774535058,2.64688995002019,2.4979048961834467
11401,259,22,0.8223938223938224,0.02374756425488244,0.0483479985142705,0.04872288157472518,4.144945812284935,4.209473579957354
5001,1881,178,0.5890483785220627,0.011344266850184892,0.028132287088864224,0.02952083433552371,6.149746496944508,6.771804124331139
8018,860,99,0.8151162790697675,0.013237619519421106,0.022274720537186717,0.02198739726133243,2.831422894912145,2.7588485356241392
7247,813,116,0.8868388683886839,0.011110298509444182,0.01599949117148378,0.016073518004233872,2.0737714296756606,2.093005775564808
15870,254,21,0.6377952755905512,0.030157882584622715,0.05952327943877914,0.06030361353093755,3.8955789401103442,3.9983884260844214
3347,1094,120,0.4990859232175503,0.015116826117543326,0.02829944557473581,0.02840110384839258,3.5045690331880848,3.5297927314369595
1317,746,79,0.7908847184986595,0.014889498275835446,0.023009247624378823,0.02309342422300973,2.388057108409788,2.4055619159727644
23978,2440,232,0.4987704918032787,0.010122173523912458,0.03472446311236183,0.03643358618427225,11.768565344901036,12.95556287312909
24550,1021,121,0.6405484818805093,0.015017003886293175,0.023858761537665123,0.024683358646114338,2.5242316437298675,2.701729847476043
4769,1048,127,0.767175572519084,0.013055124372256862,0.029163852751986734,0.030389275885838948,4.990312774898774,5.418494995203729
5579,1201,216,0.4521232306411324,0.014361451982439944,0.03933337739379685,0.03982341917427914,7.501114195983232,7.689186401855464
10841,1637,170,0.7519853390348198,0.010673799094867646,0.01700724893572289,0.0171926886747759,2.5388093484386167,2.594475355839933
4101,2018,251,0.8156590683845392,0.008631865060546938,0.014230110115228945,0.013839779464874146,2.7177358073982822,2.5706861305774256
1880,1056,168,0.6136363636363636,0.014983791016901123,0.021788933777305397,0.021739467060613537,2.1146015368769118,2.1050110118444034
2521,983,116,0.6805696846388606,0.014871254505558604,0.024536111911391403,0.025074891215633287,2.7221764676292635,2.843039559852276
191,435,33,0.8091954022988506,0.0188398088672524,0.02908312997610373,0.029096114591727423,2.3830288681207206,2.385157223722475
21042,267,31,0.8014981273408239,0.024410570499217948,0.028508031616409944,0.028669848426933195,1.3638876745768338,1.3794149703982705
12870,1433,178,0.702721563154222,0.012073974359193171,0.016942981429145916,0.01731937600334882,1.9691516839561558,2.0576143649811667
11983,1237,140,0.7687954729183508,0.01198722689029797,0.01922272903020988,0.019491777824633683,2.57153616765615,2.6440243701818416
2128,689,105,0.6342525399129173,0.018348989663320176,0.029106506523875888,0.030123202554540117,2.516261968919779,2.69511916392303
15494,1349,163,0.5737583395107487,0.013464383661816823,0.030339860566457048,0.031001703203615116,5.077549953801881,5.3014925086898375
10228,1996,205,0.6908817635270541,0.01034389038577976,0.01960167119681777,0.020090832537809026,3.591024602736504,3.7724895729943544
25015,1236,161,0.5412621359223301,0.014173492629427862,0.025707548181351174,0.026097896753499227,3.289785275688331,3.3904492884666357
4498,2159,254,0.5345067160722556,0.01073512168899758,0.019872990539294675,0.019965817396775883,3.4269874027208838,3.459077130994054
3360,766,118,0.5953002610966057,0.017734547579579648,0.031398479277063435,0.031922448913197655,3.1345629874114094,3.2400534423412517
3873,1048,89,0.3883587786259542,0.015055122561877722,0.033540601311837476,0.03526130793987703,4.963329388263596,5.485651884143489
11929,241,29,0.6099585062240664,0.03141933800149465,0.04722921327743354,0.046736218787791106,2.2595781271803137,2.212651848061552
4632,359,36,0.4958217270194986,0.026388069286219458,0.05551386985611695,0.05538930051515304,4.425759134827174,4.405919215732791
3692,2575,237,0.7064077669902913,0.008974523460882735,0.015228712185058588,0.015288181882965653,2.8794103619181404,2.9019430636586048
15445,293,34,0.8464163822525598,0.021063506291538466,0.03242042048077709,0.032776836619184395,2.3690594152964644,2.421434574005311
22493,340,30,0.711764705882353,0.02456418419417136,0.030751422820145796,0.03023254813369059,1.5672047484707723,1.5147634431373007
431,1340,163,0.8417910447761194,0.009969314176880463,0.01578581612474153,0.016126962303416214,2.5072839122898247,2.6168243727908775
21874,236,47,0.5550847457627118,0.03234910673748125,0.045965785266552095,0.04648820827631841,2.0190393442005807,2.065194836365526
2468,2725,243,0.7427522935779817,0.008373644191778523,0.01299296284014308,0.012754882897267153,2.407616918279808,2.3201921073299148
12023,1320,192,0.3462121212121212,0.013094912507891639,0.04156704736511602,0.0443045553180755,10.076115811674415,11.446996807352718
27388,1074,126,0.633147113594041,0.014706053623158138,0.02560952922906712,0.02503655060355823,3.032570456119137,2.8983891651139073
22350,1612,239,0.6209677419354839,0.012083426024855603,0.025433512591231333,0.026668488241667267,4.430293648660744,4.870983065485989
18232,511,55,0.639921722113503,0.021234959529620987,0.037097188048694045,0.03694290226310954,3.051961900683377,3.0266287048290597
14335,2452,303,0.8001631321370309,0.008075452050379604,0.012539520078742487,0.012860417210490175,2.4111717398490464,2.536158725487998
654,493,84,0.716024340770791,0.020308647035458618,0.028002313370608746,0.027713881569393757,1.9011913935644689,1.8622274766973819
23239,2649,241,0.5028312570781427,0.00971453600972492,0.02929218959093718,0.03058853297531843,9.092002530023182,9.914553773084577
19083,588,90,0.7874149659863946,0.01687250295594482,0.026895876355550172,0.02588870006873472,2.541045100744824,2.3542981552074322
20517,1293,136,0.8167053364269141,0.010759902717035044,0.013882919695273664,0.013904344648594708,1.664734321837023,1.6698765221139822
4564,367,43,0.7520435967302452,0.022541153726029522,0.05105607762141211,0.04885717426261954,5.130298238604785,4.697906930475008
23774,211,24,0.7298578199052133,0.030568498377017136,0.06414110364011888,0.06576786950322937,4.402756288147987,4.628916389281653
26992,1187,125,0.7388374052232519,0.012749835021025698,0.02417891453064162,0.024482955548021434,3.5963708578814764,3.6873856206936892
10863,727,86,0.6464924346629987,0.017730209789611658,0.026158697894352524,0.02600599865317471,2.1767296641331915,2.1513908774409396
11303,878,114,0.8257403189066059,0.01280185620788844,0.015959800247525077,0.016172844463889707,1.5542075458911704,1.5959781091004774
5530,532,89,0.4849624060150376,0.021667943074530554,0.06790716002477018,0.07263183055816917,9.821905790322319,11.236177933355952
17603,377,49,0.6206896551724138,0.024989865698404768,0.04477148498048169,0.04484644236317961,3.2097791699331624,3.2205359295876534
7421,1971,253,0.6621004566210046,0.010653993659879369,0.02016877550692543,0.020843420478036893,3.5837210361315455,3.827481598685608
15537,700,101,0.6685714285714286,0.01779179881170727,0.029555529055026047,0.02956888563593388,2.759546760967559,2.762041484569071
2609,736,70,0.8586956521739131,0.012839806750095493,0.018896309055960132,0.01691928477367969,2.1658929724732263,1.736388999839863
23895,1388,119,0.5828530259365994,0.013235164499084658,0.03211280627398908,0.032385306598088186,5.887051454977043,5.987387122447772
3223,516,52,0.748062015503876,0.019111324033825636,0.02994069423335885,0.029973074808805462,2.454382129059274,2.4596937815171054
19332,1397,288,0.6213314244810307,0.012977561314118553,0.022028864482461854,0.022528968597895233,2.8813634549231817,3.01367517390934
26501,1762,227,0.6038592508513053,0.011651710060747769,0.01945331132422013,0.02025565729024458,2.7874541718849866,3.0221313957774125
17383,583,94,0.41509433962264153,0.02040713513416378,0.038918786879528176,0.04051670129961144,3.6370938580865904,3.941886167205347
22937,532,62,0.6616541353383458,0.020513517482107838,0.030819733937918332,0.03164481854326353,2.2572387578601893,2.3797149978772065
20921,1058,212,0.724952741020794,0.013728265665159119,0.02279136860796095,0.022706509747617135,2.7561919524858682,2.7357059608870977
4549,415,42,0.6867469879518072,0.022767846832226563,0.03229338719937034,0.028541091335870985,2.011792929507209,1.5714379191496899
26472,2143,267,0.754083061129258,0.009302351145789114,0.023758846542811435,0.023370086389024842,6.523268376719126,6.311537647369623
12910,544,53,0.6360294117647058,0.02062872065972318,0.027880065343976468,0.027866516134622987,1.8265980288644919,1.824823072814827
17789,899,145,0.4905450500556173,0.016672951856396865,0.029360393315145686,0.028721419277517923,3.100978434695395,2.9674731732910624
5351,2053,297,0.7798343886994642,0.009144952610964891,0.018263739565458393,0.018421322456183293,3.9885633348995095,4.057688375916909
1492,748,96,0.7620320855614974,0.015570230153312716,0.020468974106536426,0.019805704526008917,1.728232185254496,1.618044743757743
3910,213,24,0.4647887323943662,0.03417437792061552,0.06277664841972619,0.06350196106111941,3.37438797919654,3.4528128482426355
7988,1658,179,0.5778045838359469,0.01212983756814173,0.028916525149791584,0.029756313696301148,5.683059934230242,6.017946000854618
10381,996,112,0.7218875502008032,0.014197612612034873,0.024384602422000207,0.024794447188177273,2.9498553065820365,3.049848141408367
15468,1012,97,0.4189723320158103,0.01550960804535044,0.031000932844187853,0.032244805890939296,3.99528605539652,4.322329675773659
25933,1646,150,0.8055893074119077,0.00975443243472625,0.017814506070397824,0.018253870756022018,3.335366490635209,3.5019176789732858
22012,692,90,0.6921965317919075,0.017546819828097464,0.02870004300096149,0.028850863739438078,2.675273954175379,2.7034653383540497
16736,1014,102,0.7603550295857988,0.013405202946794625,0.02288199151332741,0.023456049033272034,2.9136732965338745,3.061702120551915
9606,408,49,0.7475490196078431,0.021506923354685188,0.029021166023572863,0.029420722995746676,1.8208456821820038,1.8713288249805728
19243,1533,156,0.5231572080887149,0.012756532514605009,0.025454726768364133,0.024718942777327623,3.9817280871438,3.754866524715434
9207,248,20,0.6774193548387096,0.02968397882538171,0.03533067110446514,0.03540477143371578,1.4166401542755058,1.4225887298892388
3370,767,74,0.8135593220338984,0.014062653229790334,0.02362112293254442,0.02248769517291701,2.8214122288887054,2.5571450065297303
13973,258,31,0.7635658914728682,0.026452606504835392,0.042960782015331024,0.04022448627840942,2.6375907627625375,2.312299414761044
8516,636,56,0.35377358490566035,0.018959483261634644,0.04942269407039294,0.053717518149721324,6.795162357842289,8.02747359005285
13187,1741,135,0.38024124066628373,0.011634334882981327,0.04019590621175796,0.041908371606122756,11.936596892576157,12.975331182958394
9989,274,23,0.9781021897810219,0.00884132139251046,0.007228302952669243,0.006027751891926942,0.6684029175379346,0.4648109815884088
4616,1570,187,0.44140127388535033,0.012531900423125025,0.03908076995789124,0.041322089522814937,9.725061405284535,10.872531579491278
9880,2167,204,0.8361790493770189,0.0079506915691797,0.014398169288185398,0.014383910010199601,3.279478126741957,3.2729856576821112
11928,1639,230,0.6345332519829164,0.011894923423054482,0.020623889549279673,0.020639035447646226,3.006199839986425,3.0106168842131042
19600,2716,354,0.6863033873343152,0.00890324045912275,0.015811814782537355,0.01561724199814546,3.1540402476055887,3.0768935685903203
21629,1154,83,0.4896013864818024,0.014715436807921114,0.027319866689102034,0.026944186960429124,3.4467583429961994,3.3526162869788747
1255,1364,120,0.6085043988269795,0.013215637549216267,0.02535606482168914,0.02566663229752622,3.6811835129614434,3.7719118907996543
22989,1268,142,0.8343848580441641,0.010439353424884158,0.01389138265972366,0.013795876175524446,1.7706949463567776,1.746430766472786
25065,228,26,0.4868421052631579,0.033101841113666895,0.06934550674472989,0.07053510609084367,4.388664207924464,4.54052789631737
20250,522,50,0.8601532567049809,0.015180247278688783,0.024950284419765965,0.024654052261041167,2.701427454719516,2.6376607230792644
24580,496,61,0.7439516129032258,0.019597132492774144,0.034649011616678174,0.03556183278313537,3.126055207610208,3.2929354187073336
287,428,38,0.7523364485981309,0.020864847506496483,0.031439592666126295,0.03275694999576757,2.2705098555782417,2.464770489572495
21704,284,31,0.704225352112676,0.02708177532528476,0.039954267410521084,0.04136069640592288,2.176567210717666,2.3324987704001776
13683,1254,149,0.6148325358851675,0.013742142562884644,0.02966856282460403,0.030409355717033706,4.661053834502231,4.89672301152236
7843,1312,145,0.6265243902439024,0.013354671087021841,0.019939284899994945,0.02063857469400213,2.229219149532035,2.388322722437293
24294,3465,316,0.4158730158730159,0.008373024964365098,0.033871549839299686,0.03523913216500715,16.364598915925832,17.712735474662367
10872,539,39,0.5677179962894249,0.021338089184670683,0.043959108708934255,0.041391768018569516,4.244110714921122,3.7628499702651252
23310,266,48,0.9360902255639098,0.014996906343585144,0.02792542437751081,0.028105603460784202,3.4673382047625596,3.5122261373686934
25526,639,81,0.7276995305164319,0.017609613065156567,0.02674483561356019,0.026498766460722994,2.306642231032693,2.264392400006266
9457,318,31,0.889937106918239,0.01755038144402919,0.02497153198373828,0.02550416092887656,2.0244975412848185,2.1117813991832257
24246,1859,239,0.5691231845077999,0.011485238212880776,0.03023410870738342,0.031758715527121624,6.929698284210908,7.646203350826683
822,2169,262,0.3771323190410327,0.010406747043950632,0.03274050966156004,0.03415869818135473,9.897850154757627,10.773892187202907
10167,635,73,0.7086614173228346,0.018031486586988152,0.025659025082239335,0.025607606839200037,2.024963671601789,2.0168561343495726
24508,597,69,0.7956448911222781,0.0165030883030983,0.019432262635986172,0.01952002544976657,1.3864885778883764,1.3990405817852396
27362,424,68,0.875,0.01606113027343896,0.01553698246045009,0.014826383534040925,0.9357959073459702,0.8521543227259926
7734,281,27,0.8612099644128114,0.020624361231035504,0.030560910194603184,0.02958796109297669,2.195692690256111,2.058112283157701
5570,2145,222,0.9454545454545454,0.0049032717270053984,0.006940538899984803,0.0068443590949565265,2.003615867992224,1.948469676280327
22910,1694,211,0.8612750885478159,0.00839830162156501,0.013811023895691695,0.013690976433267823,2.7043868602837975,2.657577324836181
16132,1473,122,0.5865580448065173,0.012831026363013955,0.028310151823495288,0.029516713125841545,4.868123667214911,5.291919074148099
8024,539,53,0.8033395176252319,0.017120393130428686,0.024494399532652665,0.024961678075898178,2.046944788652912,2.125788678494056
24318,236,39,0.7669491525423728,0.027520266026880846,0.05657642427465718,0.057187203654080164,4.226352690439833,4.3180977198463575
23006,920,125,0.8717391304347826,0.011024183835687542,0.020316348884985534,0.020806856771320558,3.396240454825094,3.5622144554818047
7608,1329,131,0.43340857787810383,0.013593185964482309,0.03953715470880771,0.04062351669117204,8.459959956652575,8.9312555598447
24744,537,54,0.6294227188081937,0.020841235440934407,0.03945731093621643,0.040287622589886295,3.5843305089250967,3.736769938222098
8622,331,29,0.676737160120846,0.025708332446847636,0.04287080014800396,0.043168782365047696,2.780835916137967,2.8196277960601184
27246,1807,220,0.5794133923630327,0.011612959411540016,0.023028119475481897,0.023093147591579218,3.9321595540332477,3.95439862220307
6377,1549,170,0.7165913492575855,0.011450293605206588,0.01891889618457154,0.019005920097398706,2.729972940809631,2.755145585527854
3929,457,61,0.7199124726477024,0.02100528767304826,0.03952437513458587,0.03846793475784824,3.5405665164285267,3.3538255908595085
7672,1154,151,0.6126516464471404,0.014340185036862779,0.026251100346583615,0.025775896338180334,3.3510855394647656,3.2308592783404015
12166,1651,172,0.6311326468806784,0.011874679476615803,0.02537587737151609,0.026390905121180953,4.566656462781581,4.93929288070659
10407,1169,111,0.33704020530367834,0.013825383769233337,0.06409815404411369,0.0677626822325012,21.494960637291747,24.022974794076237
24807,1550,183,0.38838709677419353,0.012379550250663956,0.03285957609713859,0.03467696330894335,7.045538282330035,7.846435043124792
21592,659,82,0.6509863429438544,0.018567970703095637,0.03348680232038358,0.03339010611009515,3.2525087412118716,3.2337520271602807
3719,2134,276,0.436269915651359,0.010735345634827528,0.02650285561509006,0.027616256793077165,6.09471326094239,6.617555033862999
9159,1152,150,0.6293402777777778,0.014229977787531932,0.025892021397981267,0.02655549094496272,3.3107277588705375,3.482572973637272
6792,909,78,0.6215621562156216,0.016086353952097936,0.028242308985033916,0.029944130961935184,3.0823727706180115,3.4650394725180917
14181,735,86,0.7931972789115647,0.014939121614428537,0.026139786842206067,0.026296079760950487,3.0616388358393647,3.0983601002014964
22416,563,73,0.6767317939609236,0.019712222362928297,0.05132880882392078,0.0530601750935652,6.780335634806119,7.245463591371343
22229,610,74,0.8459016393442623,0.014618204230216328,0.021540749673827714,0.020723174437552568,2.171368720803476,2.0096689157883705
18990,2459,388,0.6344042293615291,0.00971190335343884,0.0147298013052256,0.015116970075668944,2.3003031451549263,2.4228180633576386
23948,2433,325,0.6522811344019729,0.00965518237494687,0.01590908683968866,0.015762868356456038,2.71499817426082,2.665321079887731
26518,283,48,0.4028268551236749,0.029155206695161914,0.04258452324070374,0.042334614222988134,2.1333952778303216,2.1084289164537613
27256,233,33,0.8025751072961373,0.026077493004383973,0.0298802237512989,0.03017966376530295,1.3129132020167151,1.3393593652239775
14868,1833,274,0.6721222040370977,0.010964753999333924,0.019073703085417226,0.019645405190503045,3.0260231814245495,3.2101416496391626
16879,989,92,0.34074823053589487,0.015071077770328964,0.0466080877832314,0.04877432051492346,9.563876264956743,10.473548156874337
6613,444,46,0.5045045045045045,0.023727986926870382,0.06095208574702051,0.06313314566494296,6.598653961834427,7.079344864344867
6333,724,79,0.7941988950276243,0.015025163523279123,0.022917852680709533,0.02305661568817237,2.3265341530529904,2.354792841758568
4757,359,40,0.8245125348189415,0.020075873819019024,0.025645659153086076,0.02509997023899345,1.6318446691244115,1.563138638347552
24523,991,201,0.7376387487386479,0.01397445503913108,0.025925131115097838,0.026550742128831163,3.441693261358953,3.6098035518657716
1900,630,58,0.4650793650793651,0.0198718333508759,0.03492264571390478,0.03427413206333623,3.0884345580899515,2.974795108737018
5188,1384,184,0.7326589595375722,0.011896404000403635,0.021120210861534743,0.020472538547795495,3.151846735546236,2.9615017004268336
10843,1218,190,0.7085385878489326,0.01302112901414211,0.01815705317239483,0.01800928045840628,1.9444350765611116,1.9129139703708975
22115,352,35,0.6335227272727273,0.025682263141349398,0.062301282246281786,0.06121619029484144,5.884741460349403,5.681539283723235
17855,215,39,0.7255813953488373,0.03043200839939418,0.04255065712189612,0.03934821154016202,1.955020485911173,1.6718171068190786
6373,1758,177,0.7753128555176336,0.009954470631038752,0.016757233804726268,0.017363415714017186,2.833794278530319,3.0425238213151995
21521,740,83,0.8040540540540541,0.01459133083112609,0.01801630166532315,0.018461523902420025,1.5245493297363755,1.6008302600471007
13254,610,77,0.5147540983606558,0.020235592591045137,0.05106319291711099,0.05331918230008453,6.36772178675659,6.942807226847869
5009,206,22,0.8543689320388349,0.02457627911570597,0.03614217764305669,0.029278578357544292,2.1627004516132,1.4192787794729556
9083,849,109,0.5394581861012956,0.01710643778930421,0.039907824819854595,0.042596174633332255,5.442481351999483,6.200433200617931
15562,1408,136,0.40482954545454547,0.013081437028524743,0.04751859693581807,0.05012001162298871,13.195210048098998,14.679505168363555
20432,1732,163,0.8770207852193995,0.007891269165908288,0.01244161824792165,0.012350489585783457,2.4857647713582214,2.449484148662628
4563,225,23,0.6488888888888888,0.031821173856791375,0.05550187003814788,0.05564637337604487,3.04216551901746,3.0580271590536885
84,421,39,0.5629453681710214,0.02417463584241909,0.03792116466339481,0.03922943459238129,2.460613786582082,2.6333235070729475
4542,1368,135,0.6381578947368421,0.01299213651406909,0.03531342856558452,0.037469089746994595,7.387859365475664,8.31735301934563
5067,1649,192,0.3171619163129169,0.011460117124530864,0.042342913729049386,0.04465614887037376,13.651594096566434,15.183937990022972
24117,279,33,0.7383512544802867,0.026314112999806245,0.04137497701864813,0.04115079389271403,2.4722823048718325,2.445563622335961
14232,1582,149,0.7117572692793932,0.011387854191053596,0.018109189286370456,0.01813205489610795,2.5287984739216682,2.5351884920459686
23236,233,30,0.6223175965665236,0.03176080165487749,0.03276472870238998,0.03125156301920922,1.064217120306354,0.9681899602084544
12748,1702,328,0.5581668625146886,0.012037363885897216,0.026675774013984625,0.02839663213582892,4.911015225505594,5.565073341067134
11631,1235,163,0.4145748987854251,0.014018569295296436,0.02609034275555366,0.026967619218213397,3.4637950214697897,3.7006484393022965
4996,808,103,0.34529702970297027,0.016726801246123607,0.04107844711423081,0.0425561937755983,6.031179335265203,6.47291289015982
83,260,34,0.9692307692307692,0.010709895712898241,0.010801553241220025,0.010204791416830963,1.0171896614013298,0.9078995078995084
3029,1469,183,0.5125936010891763,0.013041312615124138,0.022831162429692572,0.023182350962711252,3.0648797269326,3.159892744469186
17676,832,109,0.8353365384615384,0.012857830503454643,0.023602016621193107,0.0225155265227065,3.3694795962743673,3.066400109839137
16290,289,33,0.7647058823529411,0.024951911940927263,0.02816892837893622,0.027927883886650594,1.274479907336907,1.252761511844557
22848,417,59,0.44364508393285373,0.024329084913863055,0.05112662149983417,0.052512920142085445,4.4161380559849075,4.658872123305952
18982,205,35,0.9414634146341463,0.016396021757160102,0.015451940999182701,0.015496226740148715,0.8881557064088224,0.8932539653040538
8913,2169,124,0.6214845550945136,0.010414230760795099,0.017816762213032664,0.017714931267105244,2.9268682556602372,2.893507084243105
1199,790,105,0.6455696202531646,0.017018585732318958,0.031613854649520316,0.031502460479908165,3.4507060942319185,3.4264312102640475
1571,220,27,0.8272727272727273,0.025485518346296473,0.04120594419316526,0.041952114098967826,2.6141638089620383,2.709697185405687
4013,768,107,0.5078125,0.018039993361241374,0.027969133930561472,0.028349067456257107,2.403727822693466,2.4694759893757534
14858,947,123,0.5079197465681098,0.016245778514754897,0.033162613266019596,0.03358590570197664,4.166932223496906,4.273985776519449
24957,678,76,0.8362831858407079,0.014210471175638884,0.018404353978999588,0.01765692680030688,1.6773519550554992,1.5438790609685393
1211,538,58,0.7453531598513011,0.018782744738426498,0.03173596212837202,0.03245863992147479,2.8548626950297122,2.9863624997315688
1252,1156,191,0.5899653979238755,0.014465871636168923,0.027168663577339304,0.02719352508635146,3.5273401198006087,3.5337986724570944
23132,520,71,0.6384615384615384,0.021068952840196654,0.04934758353404571,0.05029318562340084,5.485874646938952,5.698130459645451
15981,3474,245,0.6888313183649971,0.007854878561435095,0.015068476793253481,0.015288588693694191,3.6801011605723946,3.7884001391925013
14381,2508,345,0.7922647527910686,0.008100773642243134,0.013202326070830217,0.013307354407520138,2.6561213673244066,2.6985498974947357
17995,859,112,0.3946449359720605,0.01667676370266402,0.037769114737285885,0.03861284751658972,5.129205046255628,5.360929668469824
19908,843,146,0.5527876631079478,0.01712467237821536,0.04590602508633159,0.04609134975459111,7.186126141815854,7.244264682062915
15493,3003,519,0.5041625041625042,0.009123832174009607,0.016495018012097507,0.01661474369261567,3.2685189852678405,3.3161389196914737
26127,536,73,0.8656716417910447,0.014729162513166092,0.021820136294037236,0.021724613546685544,2.194617358874308,2.1754445167203564
21449,327,54,0.7033639143730887,0.025259698130334858,0.04363855245891583,0.04332631760656765,2.984587803488235,2.942031007984103
527,271,57,0.5276752767527675,0.030326274887439646,0.05401968043581017,0.05438148737179088,3.1729694227694996,3.215614874055833
9276,215,28,0.6186046511627907,0.03312646217729817,0.054031871159314536,0.05323179109757018,2.660418148603518,2.5822128902643575
26218,1809,233,0.49143173023770037,0.011754034033488644,0.025414737975851528,0.026307302700289706,4.675169761540286,5.009319774727386
20864,457,75,0.3063457330415755,0.02156350475165405,0.04069344344372769,0.04217493690911704,3.5613133226048985,3.825341266244773
3500,1138,123,0.5439367311072056,0.014764393461564378,0.022163371608329503,0.022202838604302645,2.2534111338248937,2.2614437161131136
7969,419,39,0.7040572792362768,0.022299792200766052,0.033866726204153215,0.03420092762850927,2.3064540198832955,2.352199421606246
24046,2698,253,0.8417346182357301,0.0070268322625060935,0.013406472854667992,0.013576228322703934,3.640071321840571,3.732837576520724
6904,314,41,0.8248407643312102,0.021450467147728525,0.03068347696107898,0.031023095047255485,2.0461413532795336,2.0916871938527986
20795,665,143,0.7203007518796992,0.017405710700639163,0.02881716556498334,0.02807198032951504,2.7410629008048777,2.601133126600215
2733,347,52,0.7896253602305475,0.021879757248792042,0.037502129760198524,0.03747551430853726,2.9378313828124423,2.9336628748833324
22211,1524,153,0.5295275590551181,0.012785534683765401,0.025171328448828658,0.025556404189903542,3.87591713780992,3.995413262659204
16479,380,34,0.6921052631578948,0.02368074766928634,0.04252334549524685,0.042073123781593016,3.2245122387051883,3.156593774964797
22002,483,69,0.629399585921325,0.021975694608985415,0.034283234561116156,0.034181929084463,2.4337634119045743,2.4194013315411436
20096,267,28,0.8352059925093633,0.022704496624855228,0.03459506453852979,0.034688024668334774,2.321691625373439,2.334185588212226
17736,1053,130,0.396011396011396,0.015071414999459942,0.049187069207613475,0.05113142277127741,10.651084620191318,11.509797898440391
17134,1669,233,0.5961653684841223,0.012010386505228747,0.022642744179437957,0.02256531343194454,3.554218740773053,3.5299517831169016
23348,344,69,0.4941860465116279,0.026956370754577505,0.04248970039539373,0.04412450645187333,2.4845314332881516,2.6793958441435914
2383,283,30,0.568904593639576,0.029438332080344964,0.05845795805703181,0.06010293294281862,3.9433096587733174,4.168357227862347
10300,640,64,0.5015625,0.019764138870761214,0.033652652782537956,0.03438207776414541,2.899230973415748,3.026275368202533
22388,1108,122,0.6805054151624549,0.01400804935879634,0.023846723641302206,0.02407366748712148,2.8980248871225474,2.9534470458235047
23078,1004,117,0.7649402390438247,0.013382462721838437,0.023569697969318435,0.023633823089713662,3.101958263478925,3.118859967967113
4903,206,29,0.8009708737864077,0.0278184590818851,0.03419688648209022,0.033901127940851726,1.511147975375698,1.4851220844827286
8084,941,198,0.4261424017003188,0.016120727285649415,0.03885719905884464,0.03884977403297924,5.8099677561993195,5.80774757356704
13761,732,133,0.8101092896174863,0.014496665741242133,0.018382762745921103,0.01808152494639197,1.607997294597233,1.555728684657695
20813,805,104,0.8161490683229814,0.013652736926646328,0.023078383127869417,0.0232303442061804,2.8574017993882106,2.895155173231005
9883,2310,258,0.8536796536796537,0.007353495578142842,0.010771039654805291,0.010523602003303049,2.145495353851997,2.048052846605951
23877,679,100,0.6185567010309279,0.01864102830163511,0.04051034900968436,0.04178137035604563,4.722720434858789,5.023722343309971
24080,998,134,0.6833667334669339,0.0147244783126883,0.022864358238179207,0.023575141693514122,2.4112275582901708,2.5634732499138067
12375,550,79,0.3927272727272727,0.020823612558102098,0.048998319105546105,0.052167937706098746,5.536690076877216,6.2761770682928395
6590,1655,124,0.8277945619335347,0.009280806467158292,0.015107196602345802,0.015212877371126494,2.6496977034253364,2.686898718271009
2306,478,47,0.8786610878661087,0.014934710106828676,0.021293802229863136,0.021552499291365393,2.0328851256129643,2.0825799592732013
20731,880,104,0.7227272727272728,0.01509035521237862,0.02967919381000428,0.02989823342389667,3.8681675213589886,3.9254742324733516
17469,641,78,0.7238689547581904,0.017658693929274414,0.028215578010772947,0.02768783692746438,2.5530583725592164,2.458447274261438
22273,1035,117,0.744927536231884,0.01354935519065361,0.027746865385850056,0.027451326837617626,4.193634716126265,4.1047756520572385
27228,1325,148,0.5939622641509434,0.013491327554455354,0.027837532004027634,0.027743486146792874,4.257474794290266,4.228756622157424
20169,459,71,0.7995642701525054,0.018685637421725864,0.02551415397079031,0.02659553031621372,1.8644318317454875,2.0258228911225147
769,836,100,0.8576555023923444,0.012084359657652616,0.012670967482426774,0.012437328269753826,1.0994418595321596,1.0592705781637997
2593,539,64,0.6512059369202227,0.020528127436028564,0.04451958780311874,0.04318751085246796,4.7033099419235365,4.4260638785654445
7299,1015,133,0.5901477832512315,0.015436932783696492,0.02866311246565582,0.029182342967963213,3.447661897320591,3.573701613267377
15076,3056,385,0.7202225130890052,0.008120131338899798,0.015386996168043477,0.015700452436212677,3.590720355519528,3.738507252840293
24870,4104,678,0.5397173489278753,0.007780218897318404,0.019984513337223328,0.02035862865480129,6.597866462642679,6.847206245367004
18834,227,21,0.7268722466960352,0.02957324839466821,0.03638545676112274,0.03670375673516457,1.513762004389254,1.5403626287028302
6464,601,83,0.8851913477537438,0.013003751258058383,0.01756687312181184,0.01780332530292546,1.8249527397146075,1.8744115327198052
11826,470,51,0.7574468085106383,0.01977109112388896,0.020704744664022973,0.020355286972462572,1.0966763617365145,1.059969047649005
411,1425,146,0.6785964912280702,0.012371537603766915,0.020177420036807423,0.019930943270226334,2.6600139283916366,2.5954241835092753
18190,1327,176,0.6541070082893745,0.013057493582448681,0.022203694321862297,0.02232699605345304,2.891550872202155,2.9237548087113727
16324,991,136,0.8900100908173562,0.009938871137916142,0.010807766231326269,0.010815107985130096,1.182490785761683,1.1840978717671335
11893,1425,157,0.7550877192982456,0.011391910194033569,0.017967360126621455,0.01860215902439013,2.4875707411061034,2.6664509562821093
5136,1444,141,0.3621883656509695,0.012648233358460055,0.044079114201559945,0.046925339585457804,12.145236543343431,13.764331036059856
21626,824,112,0.7524271844660194,0.015035577409500614,0.022413920699869104,0.022430082755731533,2.222262922514506,2.225468902147667
22931,820,121,0.5207317073170732,0.017445741541737943,0.06023528475446829,0.06407772022269131,11.921284905487866,13.490723321479603
9001,573,70,0.8568935427574171,0.014629037032533328,0.021278155795379335,0.020959987905647917,2.115614282136713,2.0528186130396966
27506,351,36,0.7435897435897436,0.023306702557344586,0.032964156904142415,0.0334129309646604,2.0004250206085503,2.055263357332323
4792,365,43,0.8191780821917808,0.0201450460852383,0.043854979519370306,0.042960543822165506,4.739159162799953,4.5478173074361266
11624,222,28,0.7477477477477478,0.029148660090503375,0.042427411267224754,0.04234387490672333,2.1186336995404433,2.110299054074154
8193,571,96,0.404553415061296,0.02053956710483045,0.04025988851500718,0.04193262913023802,3.8420460300867334,4.167941492285834
10543,867,102,0.5167243367935409,0.016971388384943373,0.023747929096757405,0.024481333973074153,1.9580182827882378,2.080824307912631
8884,202,28,0.44554455445544555,0.03497061032336771,0.04501760650245495,0.04377839510758327,1.6571368604124035,1.5671596789308557
15438,986,123,0.7789046653144016,0.013215800813490173,0.020451673362732386,0.020276679717274163,2.3948081475475598,2.354001383331142
14019,3725,330,0.7465771812080537,0.007126841101255718,0.01503547873660554,0.015152746611988505,4.450823471875566,4.520521820462622
5310,202,22,0.6683168316831684,0.033126628050568215,0.0712410233858597,0.07323226807987511,4.624937159326816,4.887091912223682
26203,1276,143,0.5830721003134797,0.013802770670180497,0.026938253065349745,0.026915066751670432,3.808959126105663,3.8024050475402804
25318,879,88,0.5870307167235495,0.01660714014877426,0.03278787497196557,0.033810597190577996,3.897955163028355,4.144918369813068
21637,230,30,0.5869565217391305,0.03246660915644766,0.05323846161001565,0.05469242559115106,2.688915343384928,2.83779163050054
7131,741,103,0.7786774628879892,0.015250445080043543,0.02384312922376258,0.023338257318537486,2.4443391730651607,2.3419186790375934
6225,709,103,0.4823695345557123,0.018766216933862025,0.05011728218716507,0.05235678288115621,7.132167899249261,7.783813850502403
10611,1848,210,0.6401515151515151,0.011164781924052656,0.021597481156066703,0.021651855726919564,3.742016673060403,3.76088245481733
1175,2061,173,0.5657447840853954,0.010918017980645506,0.03427698438603271,0.03412875558397727,9.856383724341608,9.771321343621235
11083,314,48,0.2961783439490446,0.025765770788897552,0.11412799654657453,0.12017304491494894,19.619959612372863,21.753435412985716
20883,439,69,0.6719817767653758,0.022407606728922457,0.045738833486160466,0.046168180953686175,4.166575167482503,4.2451650458646855
15377,644,86,0.8043478260869565,0.015632244941769485,0.022078549990179077,0.021960492339467466,1.9947955585501573,1.9735195919339155
20209,1027,131,0.6338851022395326,0.015032414810416662,0.022129564925154388,0.022774315610236025,2.167146389032633,2.2952667587860036
16386,228,32,0.9078947368421053,0.019151048211945746,0.020531830000392118,0.019719165176828063,1.1493974261142854,1.0602101326246902
1615,430,44,0.7232558139534884,0.021575009312346228,0.03582133149283166,0.03681661491095827,2.7566489630391646,2.911962153944371
24220,500,56,0.672,0.02099599961897504,0.027457442687824903,0.026344582717239124,1.7102006182745113,1.5743798965262377
21454,863,102,0.6964078794901506,0.015652066633162907,0.028715231003566714,0.028620627660075407,3.365745335345461,3.343604733079752
1647,335,33,0.9313432835820895,0.013815735319330433,0.015454282866695613,0.015636051317326406,1.2512661767438564,1.2808732778415608
14195,1009,122,0.5500495540138751,0.015661655565347616,0.030025271423106233,0.030072508119648216,3.6753486795984416,3.6869221233954654
14526,503,76,0.7932405566600398,0.01805723041988442,0.024466695926235214,0.02425740363105848,1.8358972415867747,1.804622424185049
24482,375,44,0.6853333333333333,0.02398063416206533,0.03862766526825628,0.03734428557844347,2.5946309317695757,2.425085101586021
2977,1197,125,0.6666666666666666,0.013625318655221463,0.02268912703529265,0.022683376316634012,2.7729512698117786,2.771545799983829
13363,2882,250,0.27168632893823735,0.008286023021800058,0.02396416993207808,0.02470172308432427,8.364356021314792,8.887144188708511
5112,324,59,0.49074074074074076,0.027773014375911707,0.04040663015167601,0.041439422244177064,2.116699596731853,2.226288001098236
9307,986,105,0.5963488843813387,0.01562481293935804,0.03639794098880602,0.03823373503019085,5.426552134583937,5.9877519213435635
21557,400,43,0.7275,0.02226228593383887,0.031222646120159635,0.03171521881000771,1.9669798028835097,2.029532036529105
995,316,36,0.7974683544303798,0.02260786928307293,0.038821469343194005,0.04048326130840819,2.948659812544924,3.2065034874709375
18964,1018,103,0.7907662082514735,0.012748705090029918,0.018874424706999477,0.017913903126251712,2.1918725439381213,1.9744597860599242
8586,1613,255,0.6391816491010539,0.011957469282372358,0.022485351051435794,0.02263135941705582,3.536069537814456,3.5821414904313302
1735,573,75,0.6108202443280978,0.020368287701391787,0.036255902530859974,0.03611670377402615,3.1684612476477696,3.144178348953782
25733,1559,228,0.6279666452854393,0.012241543210559858,0.02529227265396343,0.02567713027007217,4.268776037611088,4.399675327852062
24416,1296,143,0.6072530864197531,0.01356559212499499,0.028756313213927475,0.028520847941877207,4.493542985302762,4.420255328178688
25616,679,89,0.7658321060382917,0.016251579345444432,0.02666266998324976,0.027211727393022758,2.691634767283707,2.8036324500242036
5909,576,77,0.5798611111111112,0.020565874973455,0.030221221833178127,0.02688118776255078,2.1593828852395616,1.7084509957358012
14560,310,33,0.7806451612903226,0.023502799657825865,0.03092643915311198,0.026922870108086965,1.7314926003431987,1.312210518371571
19717,974,130,0.5205338809034907,0.01600751747599844,0.028436546015940634,0.028689663687416916,3.1557727371500652,3.212202718550061
26616,253,26,0.4901185770750988,0.03142859134100286,0.045807348327628394,0.04597699278834847,2.1243226155839774,2.1400863259293077
22781,310,46,0.7935483870967742,0.02298873107057248,0.033916382380629606,0.03382611142661031,2.1766522310702845,2.165081009412246
5669,582,95,0.6185567010309279,0.020134611795763233,0.031138040577906093,0.03125381582733311,2.3916412715834428,2.409459195980364
9437,1383,157,0.9298626174981923,0.006867095407306217,0.009081313078087459,0.00914798705356594,1.7488442519380105,1.7746181545857134
1166,2925,272,0.4181196581196581,0.009120196609320959,0.03691515924109931,0.0384006811798421,16.383288946659032,17.72839644927394
26683,453,54,0.36423841059602646,0.02260949764497861,0.07233890021863947,0.07666608305222464,10.23674718432057,11.498064078243386
4958,386,63,0.5103626943005182,0.025443863566257514,0.027566599104421833,0.02820997853633968,1.1738166475045566,1.2292476738237184
18168,1127,114,0.7364685004436557,0.013122947663021309,0.02858080779945263,0.027991778820891777,4.743361292214352,4.549861766931487
21142,655,86,0.8351145038167939,0.014499184990605245,0.024358866447181445,0.023193950855959874,2.8224546121310983,2.558952847356246
25837,2435,304,0.3626283367556468,0.009742664826470033,0.03537251170781131,0.03732767154904051,13.18184723147723,14.679331435644771
23964,451,55,0.9246119733924612,0.012432047854717873,0.024427498751694372,0.023106319828417356,3.860758649925865,3.4544285502571945
3943,1484,182,0.7210242587601078,0.011642364926330924,0.01899408488956897,0.018977836511539295,2.6616707579866485,2.6571188846149347
997,235,22,0.8297872340425532,0.024515768287661464,0.028556422829195287,0.029007717360233404,1.3568023646757716,1.400025978749383
10242,3258,312,0.5573971761817066,0.008701896877070367,0.01669684741910454,0.017050615701522838,3.681638070968612,3.8393019327321865
22055,812,101,0.7955665024630542,0.014152600877688506,0.02691485020022297,0.026678609149964196,3.616691085525056,3.5534797978842128
11201,308,36,0.801948051948052,0.022708440984875206,0.032855451939517305,0.032678592219096414,2.0933423137729865,2.0708661977736305
4917,1147,147,0.4969485614646905,0.01476318994795128,0.03379433903036975,0.03363972559851729,5.239954286758185,5.192117043682996
2941,215,29,0.9023255813953488,0.020246633547895448,0.023799404343211015,0.02152273678208915,1.3817406365155838,1.1300283623399006
5018,1249,131,0.5700560448358687,0.014008237042168706,0.024506511670837637,0.025310563099962144,3.0605256918500503,3.2646501695062073
11655,1044,87,0.42911877394636017,0.015318328859101041,0.024953751403956236,0.025321944053349973,2.6536821959135275,2.7325701009684358
25263,2144,217,0.5415111940298507,0.010761075966475542,0.021481092714819888,0.0221393249801141,3.984752434578156,4.23269871191733
18607,486,77,0.4588477366255144,0.022603510926673696,0.044949189756981804,0.04632603949211165,3.9545032022565763,4.200476335922426
23400,719,78,0.5730180806675939,0.01844694530895941,0.034718040790157924,0.03398251658565823,3.542105544642165,3.393611748723024
5581,1542,130,0.6666666666666666,0.01200470676776033,0.01889896822537634,0.019187527957488477,2.478409568887481,2.5546707688595296
2533,340,35,0.45294117647058824,0.026995940170156506,0.04571677860454396,0.04535084656101929,2.86783609978619,2.8221096442717153
3463,1042,87,0.5143953934740882,0.015483034261696687,0.030926623085527315,0.031370190117402864,3.989815868426618,4.105084978692733
16876,1899,197,0.6550816219062665,0.01090795639260349,0.018650920614941145,0.01818784758051203,2.923571778976282,2.7801986359995348
2662,1239,133,0.5254237288135594,0.014186399892125041,0.03412763732232906,0.03528753897459386,5.787194120089745,6.187259713435217
1082,1264,142,0.6566455696202531,0.01335559681897806,0.02654155683700219,0.02676531462346258,3.9493551233675217,4.016225651301093
25864,1967,380,0.5033045246568378,0.011273488840816873,0.03410189236167681,0.03586098277987994,9.150404230291661,10.118769339284396
27560,1444,113,0.41412742382271467,0.012962387006713915,0.03931243396727888,0.04104560168863199,9.197925747261396,10.02682154271773
17256,1079,243,0.3632993512511585,0.014641623498650147,0.04171339316991931,0.04243295518072134,8.116570547087209,8.399009784753694
2138,2205,264,0.40861678004535146,0.010468592636846895,0.03406666875882591,0.03551992308807993,10.589677507647357,11.512441397141618
7244,1664,199,0.5883413461538461,0.012064425577667024,0.031051917560744057,0.031561893077118784,6.624659356816227,6.844043969955075
1705,1176,95,0.6989795918367347,0.013376009149814598,0.021279486040151497,0.02130172176875714,2.530866016266275,2.536157972287338
26365,1000,133,0.652,0.015063067416698366,0.028139069718592712,0.027201169703013166,3.4897364635243524,3.2609813888835477
10515,876,112,0.478310502283105,0.016877532473216043,0.028132476272893163,0.029071307506737597,2.7784207771002394,2.9669568173572154
1779,1024,149,0.6767578125,0.014616072185543635,0.026252077147599685,0.025786000275238613,3.226012049916321,3.1124802724196736
12328,634,62,0.5678233438485805,0.019673998999672444,0.03500445515961822,0.03545685568814289,3.1656387590431,3.2479934860915085
20746,618,97,0.48705501618122976,0.020106207778999918,0.03395674662723186,0.03461575094102573,2.8522777602729645,2.9640613089702583
1174,622,54,0.7395498392282959,0.01759749482160169,0.027260314813625723,0.027148518718456586,2.3997170751539376,2.3800746838859896
2243,960,128,0.9052083333333333,0.009454177130001313,0.01825564265895677,0.018294973564488,3.7286084774457144,3.7446920002486617
8495,528,49,0.5946969696969697,0.021365882067784867,0.03429257675090125,0.03517409032104453,2.576075485551849,2.710217187087554
14486,2610,300,0.8452107279693487,0.007079990510602347,0.009378656096914075,0.009194594837980562,1.7547525050650528,1.6865524126268125
14375,1192,154,0.8498322147651006,0.01034705732218802,0.013675384119375985,0.013954424197825267,1.746808745125479,1.8188217191887281
8431,692,108,0.5260115606936416,0.01898141008387107,0.029384247891109896,0.03132987806759374,2.396471200802261,2.7243347204754467
20613,1638,182,0.6135531135531136,0.012031341103294764,0.020453128323052704,0.02064490168510808,2.889957172126441,2.9444050813288003
13528,1235,164,0.4518218623481781,0.01416155676191616,0.025173332432078973,0.025194122491643756,3.159798780968783,3.1650201422603588
24067,822,76,0.7858880778588808,0.014307536634502573,0.025019234936780016,0.02378408320824106,3.0578650653218324,2.763395830351606
25166,660,69,0.5212121212121212,0.019444951277188788,0.03451524544288826,0.03587308735491954,3.150708419988119,3.40348461366509
22900,260,32,0.6038461538461538,0.030332514690152405,0.03150963892360711,0.030709671164699342,1.0791206912008522,1.0250227369921927
17980,651,84,0.4807987711213518,0.019582089720014254,0.028694114987144928,0.029204914564627583,2.1471757644678866,2.224302285470988
6447,253,31,0.857707509881423,0.021963438661639564,0.027950018829631513,0.028106010586389372,1.6194350644920705,1.63756195495326
400,317,38,0.580441640378549,0.027716975545990955,0.046615552687394514,0.04536755009606063,2.8285899767193516,2.6791620175929594
11409,1990,133,0.4185929648241206,0.011058839767214333,0.037034656888244095,0.04032064264164012,11.214954597839986,13.293390411612387
8740,939,131,0.4366347177848775,0.016185323194530064,0.051874462354252596,0.054788588105171905,10.27222362017428,11.45875584205558
11626,1455,152,0.9209621993127147,0.007073051648465265,0.010434202426890431,0.010454835759330454,2.1762303217084966,2.1848456962104557
15753,1232,137,0.7881493506493507,0.011641630393315875,0.018199623587811437,0.01797653921201762,2.4439774692435887,2.3844298997076727
25211,1078,113,0.7671614100185529,0.012872457725727754,0.01615965283706322,0.01624848667342255,1.5759451732781495,1.5933195634097934
13303,323,57,0.5108359133126935,0.027814210178828982,0.04614190962852284,0.047154123311799495,2.752058518834554,2.8741265435978756
24986,1863,221,0.7026301663982824,0.010590230756443438,0.027631840077663703,0.029549907072082545,6.807831010740397,7.785766813973938
17952,1520,222,0.5486842105263158,0.012763791499822472,0.022025716207116613,0.022675438788425418,2.977835314098488,3.1561090243671193
8205,213,33,0.5915492957746479,0.03368026451860248,0.05125396400722502,0.05237185287371415,2.315815368583616,2.4179364983001457
19827,281,28,0.8932384341637011,0.018422052186144764,0.025532528537039523,0.023524508243116325,1.9209304259935975,1.6306662808806094
8261,1003,214,0.4097706879361914,0.015528530691863522,0.03973549987108653,0.04147796335088761,6.547818491296699,7.134673729867716
10184,2241,197,0.6613119143239625,0.009997288036929003,0.019102769054708785,0.019203103379219932,3.6511379372941692,3.6895927304163725
25921,601,65,0.7903494176372712,0.01660429227417674,0.024736444224649354,0.024631816987633372,2.2193909167170767,2.2006559964456347
24995,2215,232,0.4234762979683973,0.010498718034766642,0.0372523741770992,0.038961708436811675,12.590279432653357,13.772203781374385
1043,1765,167,0.35127478753541075,0.01136269955499027,0.04377838617353753,0.045959992495219044,14.844188095045451,16.360510510609416
23002,1096,135,0.5374087591240876,0.015060722128798215,0.02783410943457072,0.02885149846543394,3.415569046671757,3.669823323897086
3811,591,91,0.38578680203045684,0.020023477988196085,0.042278866949348064,0.043626576001151066,4.458283180620977,4.747043688776135
27146,2121,164,0.7458745874587459,0.009453369197056489,0.020577710363989452,0.0207097797153772,4.738281532750396,4.7992980322285135
19664,880,107,0.6181818181818182,0.01637740467601211,0.025352049092890815,0.02473413803633529,2.396271230701144,2.280885055565965
16226,220,21,0.75,0.02919371040605711,0.03937166267223544,0.03837310040524148,1.8188166439828564,1.727727272727273
18665,506,83,0.5869565217391305,0.02188898342792485,0.03721990032232162,0.03912193558948406,2.8913404132668394,3.194401363263337
11207,502,56,0.8904382470119522,0.01394053787182705,0.0152337919663724,0.015341956477199636,1.1941447672525725,1.2111625441584188
15071,546,91,0.7619047619047619,0.018227595294070306,0.02546485130112506,0.024774831974312433,1.9517470616190526,1.8474074074074074
4975,961,109,0.5067637877211238,0.016127556422016683,0.051236638766260056,0.054019041676420146,10.093089464442551,11.219063619710639
18481,1257,145,0.8989657915672236,0.008500376572646703,0.01006019294354478,0.01003706144143165,1.4006714897582309,1.3942377389735348
12495,1733,179,0.8603577611079054,0.008326234930535158,0.011563289212896791,0.011617806976629678,1.9287034387728597,1.946932935582498
213,933,108,0.3804930332261522,0.015894820584964275,0.03935944647808656,0.04005385649707928,6.131781971278649,6.350053946059429
7305,1473,164,0.5329260013577732,0.012999448482598135,0.029968729788755925,0.030589529875832352,5.314798667678255,5.53727063768736
16757,244,45,0.5942622950819673,0.031435245680727635,0.05771283930195848,0.05832420216002697,3.3706306364815855,3.442420310302782
10186,917,196,0.4798255179934569,0.016498008546943287,0.02982087416059966,0.031035140536433043,3.267214829783624,3.5387051993994256
6002,811,118,0.5832305795314426,0.01731241440459631,0.028800181583847964,0.028511074945422692,2.7674206265810364,2.7121387577789213
21676,544,82,0.6139705882352942,0.020872983568395516,0.04098716325599895,0.0422281837231622,3.8559079772295353,4.092943431530961
14129,1651,304,0.7946698970321018,0.009941368145051845,0.015470239066612629,0.015480457668407718,2.421596256796508,2.4247964013193712
2197,1078,126,0.8191094619666048,0.011723830103048356,0.016585590937849923,0.01635131009927169,2.0013491788019966,1.9452081363709914
25728,301,25,0.7242524916943521,0.02575832091270912,0.04181779791793915,0.038009496044136844,2.6356468573731764,2.1774546752954094
13976,872,110,0.7121559633027523,0.015332322069413712,0.024981923020570066,0.024433411797704842,2.6548247924808734,2.5395242386491037
1543,289,51,0.7024221453287197,0.026893695321198917,0.0348803227104325,0.03464032925676841,1.6821318261320686,1.6590637024657493
26273,267,44,0.6254681647940075,0.02962042895237906,0.0434122114621923,0.042867287088845005,2.148033907385518,2.094446695842702
5178,229,24,0.8777292576419214,0.0216483011547719,0.026816325548845454,0.026429382516240957,1.5344434823871607,1.4904808189382106
1537,646,74,0.7476780185758514,0.01708907636874356,0.0232405326762562,0.022449210582259387,1.849502721367463,1.725698678192552
16019,2248,308,0.5702846975088968,0.010440904308677243,0.02332372819983357,0.023337031442181386,4.990220232143635,4.995914436860418
2958,1162,154,0.48967297762478484,0.014664737308163315,0.03135198924925979,0.03247751801719515,4.570688532539543,4.904752408832355
7094,555,83,0.872072072072072,0.014177915397413221,0.01620731705706043,0.015659969439872804,1.3067650039493826,1.2199922151313423
19520,355,53,0.6647887323943662,0.025054569945286667,0.041252174231898045,0.0412772189631835,2.71093922520055,2.71423191731106
21458,619,97,0.6510500807754442,0.01915770251324507,0.030311109829211445,0.031159111816094265,2.5033226341948525,2.645350904711329
7327,1172,196,0.46501706484641636,0.01456936434250802,0.03914874785627914,0.03969860301591962,7.220288384275615,7.424534686697071
5968,498,70,0.8554216867469879,0.015758941147303925,0.021587230392494005,0.021597715991168262,1.876462051751668,1.8782854080812608
14778,468,46,0.7991452991452992,0.018519572113860794,0.023666370237492514,0.023699376258133,1.6330572578255655,1.637615481753988
26142,1078,131,0.29313543599257885,0.013864138418897455,0.033512224111138904,0.035199364712288524,5.842796116862805,6.445904682190653
23702,596,56,0.6996644295302014,0.01877695447696901,0.03599672734087028,0.03611942912717228,3.675155592426193,3.7002532477615597
16150,392,70,0.798469387755102,0.020260801136343688,0.03477211909245414,0.034602703048155,2.945432598151167,2.916801158087307
23662,256,30,0.64453125,0.029915944599869987,0.05481940711393484,0.05432629331279494,3.357864969981626,3.2977270574253335
7239,220,33,0.6136363636363636,0.03282784134760007,0.048279156154405596,0.047196959678684224,2.1628912795917032,2.067013888888888
6147,545,72,0.5321100917431193,0.021373435540505078,0.04824002573208406,0.049009945793904774,5.094087378145719,5.257990206344045
7861,210,21,0.6619047619047619,0.03264432044764284,0.07240233758788227,0.0732499525976335,4.919148252013834,5.034999493363054
7307,381,46,0.7296587926509186,0.022753779586134462,0.0489403228036527,0.04919827358578733,4.626223022450634,4.675118601956087
2433,1049,145,0.47378455672068637,0.015416454338760696,0.028836951443450786,0.02934237338304989,3.498885176725765,3.6226091233954363
8987,1515,181,0.8402640264026403,0.00941245549119735,0.015838662458643484,0.015716331975093475,2.831594994844635,2.7880240548751964
360,683,103,0.6808199121522694,0.017837076204072135,0.02793144599743958,0.027893577670587005,2.4521074880414724,2.445463058546737
19841,551,60,0.7822141560798548,0.01758335967331996,0.033140216713650326,0.03270639674093641,3.5522781826048515,3.459885140499019
11198,412,46,0.7839805825242718,0.020274513434908124,0.03738953702243264,0.036992505152143855,3.4009425376958085,3.32909819322078
26040,1888,278,0.7939618644067796,0.009308348445399964,0.0174361177425873,0.017289519697540064,3.508765319697969,3.4500119011260937
18949,1961,263,0.8296787353391127,0.008488884397836884,0.013966725189731315,0.013987509852993006,2.7069980149316106,2.715060879526742
22048,447,51,0.8031319910514542,0.018807335662528072,0.03014110981199399,0.029327059339985265,2.5684074864045288,2.4315459695003927
4984,274,24,0.7846715328467153,0.02483243981377484,0.03619826680728591,0.037226658860633026,2.124891554789817,2.247342867296792
21805,571,79,0.5551663747810858,0.020796599441372406,0.023263400998052557,0.023118121948995464,1.2513009074649106,1.2357210550615563
7971,1125,116,0.3848888888888889,0.014506686032424741,0.04126909780982031,0.042835044785813854,8.09307427395122,8.71890663571639
7555,569,74,0.6309314586994728,0.020229654802592048,0.027845750791600236,0.028397920916400282,1.8947020280920497,1.9705894197577725
19093,272,25,0.7757352941176471,0.025290230587202592,0.043264299239168885,0.04281660906864465,2.9265353157225666,2.866282295394266
10362,953,105,0.6568730325288562,0.01537877319282214,0.029620039268335428,0.029830017212467825,3.709606773950142,3.762388375867423
1915,1065,125,0.8610328638497653,0.010599639962901248,0.016733820653617608,0.017001601836789698,2.4923440448053342,2.5727492161685857
21719,232,23,0.5689655172413793,0.03251284609724637,0.04856309236867045,0.04932631950925767,2.2310160303558266,2.3016932649377786
8075,565,56,0.5008849557522124,0.021035125148329167,0.04878681722990728,0.05101994686476947,5.3791638407563775,5.88287747909356
175,236,26,0.7754237288135594,0.027164109671854786,0.03781678361177579,0.03859477152908335,1.938109126428325,2.0186731115037193
15622,2003,211,0.5401897154268597,0.011135815363557226,0.02676742954554153,0.028514512245347005,5.777890318664406,6.556738319437755
25206,605,81,0.7256198347107438,0.01814066662032881,0.028636280798496883,0.02750285922978301,2.4918777961031213,2.29852487209328
17117,248,26,0.9314516129032258,0.016045487975370594,0.02692954572604708,0.027658296729827638,2.8167752490749383,2.9712897475705784
18728,1639,325,0.6320927394752898,0.011911600064387101,0.02096558673540428,0.020805828353306632,3.0979459404910887,3.0509129454883532
8091,1165,157,0.39914163090128757,0.014347842755789037,0.028186103092878174,0.02878247739068652,3.8591961716841774,4.024233087662412
9423,2060,258,0.6194174757281553,0.010697505981245999,0.019230229665225498,0.019474713448121603,3.2314978110094246,3.3141875106298944
18713,218,24,0.6743119266055045,0.03173972074033838,0.06385280706246854,0.059974242879268586,4.04719179387427,3.5704532052993763
8385,535,51,0.6074766355140186,0.021111575990020386,0.031957759779212246,0.03246178491407917,2.291455069984036,2.3643048988394786
7402,1294,165,0.7774343122102009,0.011563620217122846,0.01862686645181641,0.01861777831910701,2.5947287397562984,2.592197397568823
26689,1403,190,0.7476835352815395,0.011595857469037064,0.020076316858819675,0.019916024156251128,2.9975217684072635,2.949847411754493
22361,317,59,0.750788643533123,0.02429478895942536,0.036591955996489726,0.037178842284250654,2.2685324100131017,2.341884447883224
19778,2183,199,0.34310581768208886,0.010160963257807815,0.024987093107784228,0.02546711648039383,6.047302704942996,6.281882190200815
20371,1203,101,0.6400665004156276,0.013838559002401291,0.02331087770096097,0.0231096268187917,2.8374976613259957,2.7887149528177093
13180,1205,181,0.6912863070539419,0.013308018633325933,0.019045919118979186,0.019215861042007547,2.0482222087680944,2.084936817124863
5502,546,58,0.9340659340659341,0.010620558962707407,0.01129045422232238,0.010550568993919434,1.1301291569058236,0.9868633373277351
18863,651,100,0.43317972350230416,0.019420761478865955,0.09178763805060662,0.0969338244046768,22.337567611214332,24.912550179972392
16567,805,100,0.591304347826087,0.017326370813023028,0.026905442773835442,0.02657403796233437,2.4113767953913516,2.3523389116249764
19196,822,123,0.4318734793187348,0.017276863041917622,0.03169440309796638,0.03254629360071734,3.3653897928990277,3.548732752585216
2415,932,105,0.40236051502145925,0.016062730133056074,0.053895437135943955,0.05617432145108991,11.258104399484935,12.230295334803664
12598,1036,110,0.6148648648648649,0.015118772460549724,0.027591114182946522,0.02800058378081416,3.3304691502097152,3.4300552076643678
13103,1103,135,0.46872166817769717,0.015025564976515056,0.03695795213383568,0.03945193156062646,6.0499832952244175,6.89405780157731
1764,1044,102,0.6159003831417624,0.015053133900221597,0.030134237980350875,0.03063578096741616,4.007435839717788,4.141942467426078
7310,733,78,0.8362892223738063,0.013666738929017276,0.028827625170686585,0.02879120375846881,4.449261549171453,4.438026074840078
1276,521,72,0.8618042226487524,0.015119340010980099,0.018337184015801304,0.018659331746020115,1.4709557859180171,1.5230932895914806
10979,1440,169,0.65,0.012569252607498629,0.024404497899146206,0.024777489119356257,3.769822002204754,3.885936318972034
2828,656,59,0.711890243902439,0.01768208945252112,0.029955268740550572,0.030345655750815326,2.869982666143035,2.9452752432526204
13306,522,69,0.7816091954022989,0.018083261087035608,0.025349042421786303,0.025709062386999076,1.9650319268605594,2.0212450572200695
7735,1748,236,0.5943935926773455,0.011744073184167007,0.023043641467267218,0.022217490300049478,3.850035385584085,3.57892420240221
27040,1640,176,0.7225609756097561,0.011056027275070084,0.018871401937079767,0.018446167231901355,2.9134671551239544,2.7836464853307796
21503,595,75,0.6420168067226891,0.019653777476341887,0.04059907350144223,0.042643087709341256,4.267172273030244,4.707661395503259
5134,913,117,0.6254107338444688,0.016018614166681853,0.03081448959998764,0.03175391558984937,3.7004971627385435,3.929566930079154
10884,1193,154,0.7535624476110645,0.012476502144088917,0.025609285830180333,0.025998927387977183,4.2131725277217384,4.342353456602485
4069,1118,131,0.6422182468694096,0.014336050179744918,0.026839741784402408,0.027166898867198135,3.5050776350320256,3.5910471479228607
16486,509,64,0.6954813359528488,0.02039815119776821,0.0283679506155629,0.028048880197703893,1.9340794533759116,1.890816753961397
15395,705,100,0.676595744680851,0.017617445534985437,0.029163237255350957,0.028207670941840714,2.7402209793930004,2.5635900797007096
2382,661,94,0.6414523449319214,0.01865326723086799,0.027445081722009015,0.027404449412218014,2.1648072436789367,2.158402015489092
9230,1300,168,0.5415384615384615,0.01381956684763193,0.02119684974947383,0.021572566915899396,2.3526308132483265,2.436771393618639
7002,214,28,0.6588785046728972,0.03240785793375879,0.04409550746037567,0.042035278383240504,1.851347897073987,1.6823920331920965
79,1125,106,0.49777777777777776,0.014906972618458192,0.02959708193553861,0.03001710582850424,3.942020533017694,4.05469998327748
18415,788,119,0.5215736040609137,0.017795174858182144,0.052230102101454186,0.055432577375351906,8.61464191862622,9.703437751077521
20645,1625,174,0.7581538461538462,0.010622373824685801,0.019174573441836196,0.019180367888784213,3.258428986695892,3.2603986416442847
8625,432,71,0.6365740740740741,0.023141449219300548,0.044023700436824686,0.04488883137457342,3.6190283352717527,3.762664471527529
22985,840,140,0.6059523809523809,0.016859859803211717,0.028366500609928874,0.028795048897548206,2.8307636366565383,2.9169415232004603
18692,1479,186,0.5402298850574713,0.01295912219657081,0.024138208796271262,0.02469080957374027,3.4694362291077914,3.6301075318985636
7865,322,40,0.5527950310559007,0.027708144232684997,0.034977780514274324,0.03453820265369894,1.593564392740126,1.5537623280661865
20090,1718,168,0.7060535506402794,0.01099110483473282,0.019839595787775714,0.02028834304967285,3.2582390070693474,3.4073006707343345
10673,386,38,0.7383419689119171,0.022371863450241364,0.023086056827567314,0.022551852560827534,1.064866589052252,1.0161553951222038
15344,473,71,0.7758985200845666,0.019173184598365884,0.028424317026496608,0.02882959688499926,2.197817207931307,2.2609378916060114
22043,260,36,0.6,0.030382181012509998,0.0520531580972198,0.050954706156144225,2.935325540218672,2.8127472527472523
19733,489,58,0.34151329243353784,0.021444843576056197,0.030769987441319754,0.032118781057835666,2.0587749364791517,2.243222459243759
19252,344,36,0.6773255813953488,0.025205875456094436,0.025919647281125703,0.026108057780193646,1.0574372436364217,1.0728661874484808
17242,1615,204,0.6829721362229102,0.011578810511370314,0.01950498719981622,0.01946537055810523,2.8376801736889763,2.8261646376958596
26861,1457,125,0.6280027453671929,0.012662540943906812,0.03539724717826215,0.03765821257022513,7.814429038302869,8.844589477018063
22752,1283,124,0.4255650818394388,0.013803527370037084,0.03913397920295419,0.040297931804650265,8.03762718827831,8.522859982851056
19974,1033,126,0.4462729912875121,0.015466711859200571,0.04568858853968297,0.048848261126111577,8.726086093767789,9.974754773349572
13111,1219,150,0.5767022149302707,0.01415132010541183,0.025873910638430152,0.025455911388331837,3.3429527479897536,3.2358128197130593
23785,1229,122,0.5443449959316518,0.014206243293842966,0.033116512259239256,0.03334119270759219,5.434138304947034,5.508124743960673
12751,256,33,0.6015625,0.03059852545682285,0.03713348699560658,0.036881306757256614,1.4727548781012862,1.4528193113182772
16524,462,60,0.6558441558441559,0.022103289557982794,0.03478710072052479,0.03386639132615704,2.4769808163896436,2.34759955505807
18406,1963,192,0.6133469179826796,0.010991416930751358,0.02185785998978447,0.022049848141261742,3.954648748157053,4.024425031314693
5087,315,46,0.5079365079365079,0.028168259286717137,0.050061909225512326,0.049891421474709645,3.158601209573378,3.137124367070603
9595,1458,143,0.7030178326474623,0.01196656750039516,0.016510519548249024,0.016629040776205053,1.9036289010115102,1.9310575044023244
16565,225,35,0.6755555555555556,0.031211126713513938,0.04919081550487842,0.046981817590333576,2.483986043106054,2.265899976909773
18141,1289,261,0.6268425135764158,0.013470969180682085,0.028469617455261373,0.0293386813847868,4.4664818970141535,4.743331706599296
16994,3026,315,0.5128883013879709,0.009086386679936864,0.027897293163560773,0.02950369003444843,9.426309676272648,10.543146568399932
19769,1105,141,0.7031674208144797,0.013743710996795291,0.025674229309981297,0.02535401235490321,3.489689631968257,3.4031834989459493
21244,874,90,0.5102974828375286,0.01690916511285351,0.028629299891865637,0.02878803143233657,2.866666199749068,2.8985420592901936
27220,889,111,0.5376827896512936,0.01672176892825927,0.04318562121121766,0.044232954486555204,6.66981682222357,6.997251138191165
17333,307,31,0.9022801302931596,0.016947004652203865,0.018273412179405223,0.01773396521844081,1.1626617992841628,1.095029470138537
14011,956,111,0.850418410041841,0.011535235174322768,0.014453434703355665,0.014529995161769182,1.5699622986555521,1.5866386638447911
19735,292,26,0.6164383561643836,0.0284558122486773,0.04824258619143509,0.04935203174496906,2.874214588982477,3.007932594042184
20728,343,27,0.9067055393586005,0.01570413440716237,0.021298944675232304,0.02163865000084736,1.8394507470173314,1.8985949331854572
8561,1301,133,0.5864719446579554,0.01365329462445911,0.02887030437258499,0.029152668537695128,4.471238140067422,4.55912716219268
24715,585,61,0.7606837606837606,0.017640472933742612,0.023688534574525123,0.02351575172199599,1.8032500040945636,1.7770403296245991
7546,389,49,0.7377892030848329,0.022300604329499107,0.027730732939559452,0.027910518042828875,1.546284605850798,1.5663994802468815
26422,674,79,0.9124629080118695,0.010886135079309528,0.01841267782885285,0.01790632912953876,2.860793238931608,2.705613067841495
2554,3163,487,0.6857413847613025,0.008254184655889974,0.011233407908058633,0.01152502463985409,1.8521437818613657,1.94955442823843
22971,2663,349,0.7878332707472775,0.007922645361221605,0.013318759468058288,0.013092138927845236,2.826097359087823,2.7307426791897687
23540,220,36,0.8545454545454545,0.023769491586443044,0.027144567295790376,0.025042900344214098,1.3041455416520562,1.110016579165515
17815,420,52,0.7571428571428571,0.02092375905294586,0.040074707158362914,0.036964229350158875,3.6682700028625335,3.1209290227374686
4661,1136,137,0.5404929577464789,0.014786042154065943,0.02770971735276168,0.027952110277746436,3.5120469394018516,3.5737594935764205
20375,366,36,0.9180327868852459,0.014338662348628036,0.016949021027956895,0.0172294057210706,1.397243059650602,1.4438541318166622
19758,2199,160,0.31832651205093226,0.009933721782733908,0.0339932493914626,0.03586368773961659,11.710120825932718,13.034245728285049
10550,1217,115,0.3853738701725555,0.013950871964242242,0.042281462189198975,0.04501445788200664,9.185383423544412,10.411213260654728
1746,1721,197,0.6868099941894248,0.011179742878333652,0.02210681399236382,0.021622532041706964,3.910107372784091,3.7406706140707997
26474,511,70,0.8864970645792564,0.014032393267205524,0.021604710234209484,0.022199644767962916,2.3704641770108945,2.5028138807913165
7320,409,42,0.4547677261613692,0.024622034847028414,0.045286703597797316,0.04413193003529196,3.3829340875394722,3.2126096440501057
16984,261,26,0.6053639846743295,0.030254250246584218,0.09396849465868783,0.095758994179211,9.646988253129388,10.018123052684466
2034,912,122,0.36293859649122806,0.015922446766740945,0.041016023875319954,0.042932611417355465,6.635711611409859,7.270344668543499
3038,386,40,0.7694300518134715,0.021438395122766785,0.04205124613598099,0.040544833979878576,3.8474518926004544,3.576732911696332
8864,850,116,0.5188235294117647,0.017137700948853515,0.0645203859133509,0.0681497617789612,14.173881331310513,15.813338364678636
937,1958,198,0.7257405515832482,0.010082428493994499,0.01806778328359222,0.01828800069456047,3.2112893885483156,3.2900474223583833
19598,608,65,0.9292763157894737,0.01039688123010239,0.014479798729309164,0.014644979380576838,1.9396299646229196,1.9841356643870287
25360,738,94,0.6829268292682927,0.017129262080503044,0.026681294754060676,0.025881788508990186,2.4262552763046124,2.2830281150501444
11656,1664,178,0.7614182692307693,0.010448491118533812,0.0179316572773551,0.018588480024177016,2.945328255005475,3.1650501978615084
25690,1064,121,0.40131578947368424,0.015026962815532499,0.03808359061510556,0.03800595463795451,6.42293241977324,6.396771946981485
2107,822,113,0.8795620437956204,0.011352173490386284,0.019221251455196896,0.01909655126361489,2.866852052628286,2.829774617942456
20730,1281,132,0.7720530835284933,0.011721032682196163,0.017736149985483236,0.01770201300762414,2.2897441158152487,2.2809384029912425
3549,2016,230,0.8000992063492064,0.008907050509793693,0.015029133063542801,0.015206259171821439,2.84708234963622,2.914586481655373
15127,1738,182,0.6783659378596087,0.01120438822188066,0.022111626741449748,0.02208941850031059,3.8946200249037934,3.8868006793279357
22090,2177,259,0.5245751033532384,0.010703247874565471,0.021746396580726895,0.02199139506353871,4.128035667578071,4.221573882962113
21829,202,22,0.8168316831683168,0.027215466313059634,0.033466188770959526,0.032567271025684165,1.5121015302894663,1.4319609567134328
7352,1064,101,0.8242481203007519,0.011668315352236495,0.018544191478890654,0.017964653419358097,2.525803088236834,2.3703985351185195
7322,316,28,0.5506329113924051,0.027982606955709997,0.04354004814891422,0.043828651535956525,2.421037214314095,2.4532390738262664
8655,2341,225,0.5993165313968389,0.010128103578555557,0.02033624273840917,0.020429334273016263,4.0316717527619295,4.068667134693136
16722,1368,175,0.7339181286549707,0.011947812600658973,0.02170364203228948,0.02177302580561298,3.2998061779756163,3.3209380202984744
22651,1608,317,0.4539800995024876,0.012415940463208763,0.04131609013410125,0.04469943801505734,11.073354144565306,12.961190183002028
24333,737,91,0.8208955223880597,0.01412418577335474,0.022281021738305876,0.021636049311346887,2.4885327604870167,2.346546057590832
12396,2790,329,0.7379928315412186,0.008324929356691524,0.015154327537252184,0.015170515411974195,3.3136926575847605,3.320775821323449
8490,592,62,0.8040540540540541,0.01631360381029322,0.020311501960546704,0.020148818560828216,1.5501875918618149,1.525454823122166
18901,2490,254,0.7273092369477911,0.008924730110736296,0.01933098490312301,0.019271903662263123,4.691565457043439,4.6629316411740644
25366,289,25,0.6505190311418685,0.02804741544286413,0.049160954259208696,0.04871738134629996,3.0722384057373033,3.01704770620624
8110,582,73,0.5910652920962199,0.02037901658912702,0.035699992065281363,0.035668104168116124,3.068808535962755,3.063328750611035
7415,994,117,0.4788732394366197,0.01584487362236601,0.04124795005838136,0.042707658820978205,6.776839192802346,7.2649724204555195
15946,396,43,0.8737373737373737,0.016690919889185217,0.021304573731888037,0.021203997167446136,1.629240333370589,1.6138937127954456
10359,1977,162,0.5558927668184117,0.011174705852682298,0.021191688336617793,0.02113607807802226,3.5963248676672923,3.5774750103972015
8230,427,44,0.8384074941451991,0.01781247411149716,0.030337249100952333,0.030306155723754367,2.9007072664450715,2.8947643040823547
6110,2634,334,0.507213363705391,0.009741300021758678,0.02734801432534848,0.029319083348025046,7.881661132902799,9.058722115245025
17772,456,61,0.7017543859649122,0.02142383324751598,0.03643781331622043,0.03673019953379835,2.892745683678928,2.9393561876504997
8361,546,60,0.6227106227106227,0.020743598821729808,0.033538224311516346,0.033583599959782426,2.6140381459428346,2.6211162734989313
10158,2769,271,0.5164319248826291,0.009496725250421731,0.028538177089694958,0.029766675020655338,9.030352636983132,9.824555375510291
22187,297,36,0.8518518518518519,0.020613508887326465,0.050058128947413696,0.05131366528775098,5.897193465989675,6.196725014116321
21779,272,23,0.6801470588235294,0.02828082890958736,0.04107615206356508,0.04068320332116195,2.109576296251213,2.0694074745038233
17062,771,89,0.4656290531776913,0.01796446405797989,0.03610684505649494,0.03715360861967111,4.039713392974118,4.277337047148086
1498,985,146,0.8426395939086294,0.0116024725478881,0.01914224419331631,0.019328086345728548,2.7219779651574987,2.775087077841639
8061,1904,206,0.49264705882352944,0.011457492096199885,0.03133811189077438,0.03261578787327121,7.481118277288937,8.10357423829284
6237,350,51,0.8771428571428571,0.01754693830079135,0.02391649884300302,0.023875943096044,1.857772408332949,1.851477217093943
15744,536,56,0.8638059701492538,0.014815105245655573,0.020536141391539774,0.019395008489251835,1.9214461145860366,1.7138407545637642
23756,208,21,0.8269230769230769,0.026231339683883633,0.02999016911086311,0.029546059549342592,1.3071242944668606,1.268697823494335
7120,1553,271,0.7662588538312942,0.01073914261023023,0.017204545606060537,0.01701544604604147,2.5665350194766847,2.510426191332127
11039,2810,301,0.4555160142348754,0.009394879634615546,0.037846632604725476,0.04047021707187145,16.228263391113316,18.556182148838186
6004,566,76,0.8763250883392226,0.013837741439217987,0.017993073995429612,0.01706853448141607,1.6907535540192518,1.521465274950742
18885,202,25,0.8514851485148515,0.025020604417426266,0.03907346646793496,0.03050014760775973,2.438755663171769,1.4859640033770822
8985,1127,115,0.5190771960958296,0.014883041825325075,0.04017713495271543,0.03888760080622495,7.287432130949481,6.827141361281141
21118,1341,162,0.5913497390007457,0.013424054483108681,0.027759956355784095,0.0271923563857912,4.276319501887301,4.103233906391643
5586,293,31,0.4232081911262799,0.028863750669237555,0.04437716436146841,0.0418386456159027,2.3638154518825703,2.1011144320805655
19249,1171,152,0.7805294619982921,0.012094956672138005,0.017717491870472234,0.01734701698963814,2.145832657135665,2.0570316495842653
12913,2922,464,0.6344969199178645,0.00890881978701276,0.024942826303994508,0.025995181378986702,7.838825145631201,8.514229578437973
21209,994,135,0.5181086519114688,0.01584863248472132,0.029427486586340087,0.02926240994730322,3.4476466742947802,3.4090752769391424
1836,960,114,0.5989583333333334,0.015818213666789864,0.03298040717597197,0.03260456678721223,4.347075180870655,4.2485623216721695
3107,300,55,0.55,0.028722813232690145,0.050147121286464,0.05216456628122811,3.0481621494779767,3.2983539094650194
19303,1621,172,0.6477483035163479,0.011864192411280871,0.020089126986846565,0.020880978974815525,2.8671193071823406,3.097600098193232
2917,609,64,0.5336617405582923,0.020215054268655983,0.0475238708376079,0.050740716984766905,5.526800530510514,6.300331140139646
26986,311,36,0.5401929260450161,0.028260645417402745,0.031032772045245266,0.03192447135123412,1.2058047502596978,1.276095792127028
21990,1565,207,0.7354632587859425,0.011149780546613395,0.017841589590266927,0.01821735375463713,2.5605570179579735,2.6695492928588394
16998,205,21,0.775609756097561,0.02913712428214871,0.04262977221799298,0.043431187644124895,2.140585855462647,2.2218259669061013
2280,850,125,0.4647058823529412,0.017107078867069504,0.037965252779249004,0.03847842383001903,4.9251660429432755,5.059211469240768
861,368,65,0.779891304347826,0.02159791013380747,0.03163523318745028,0.03172803294949133,2.1454511006971186,2.1580566262874497
23784,1234,147,0.4327390599675851,0.01410414970333544,0.04408354649365141,0.04643783703633406,9.769205245563827,10.840520831332446
14418,1473,167,0.4908350305498982,0.013025537696036248,0.03546859854459479,0.03704698068543201,7.4147538345485104,8.089362877442113
869,616,112,0.5876623376623377,0.019833532643875437,0.0323844767774426,0.03218648095791748,2.666082712322523,2.633581983649413
17635,268,39,0.8059701492537313,0.024156074277470907,0.02734756766209105,0.02716502481004244,1.2816950243049026,1.2646417037618924
5716,361,33,0.9168975069252078,0.014528267290687402,0.023364200276678463,0.02256328496875767,2.58627199935794,2.4119983931844247
12614,958,122,0.5563674321503131,0.01605128499830613,0.02593028538081605,0.026635167969920347,2.6097264136149905,2.7535392281753293
15700,233,21,0.9313304721030042,0.01656746175469045,0.025186599400608814,0.025073874605095022,2.3111445857240813,2.290503426554064
25061,2130,198,0.5948356807511737,0.010637125914740234,0.017372601265948574,0.017437830372805527,2.667356740734011,2.687424655148522
10141,269,31,0.7286245353159851,0.0271119681560009,0.04119044659971302,0.038691483391709365,2.3081865711567997,2.0366137400624047
4880,307,36,0.5179153094462541,0.028518183335213745,0.04123117713183092,0.04174925116552381,2.0902958315980427,2.1431554208888124
11239,233,25,0.8454935622317596,0.023678297995216088,0.041591475137233457,0.04329477288607757,3.0853730655202214,3.343258579051372
16936,292,44,0.6232876712328768,0.028356835210535142,0.04004762158514383,0.03918667945355936,1.9945179003836615,1.9096835626940756
17411,490,62,0.4897959183673469,0.022582993272346454,0.02707610737550612,0.027448873374464312,1.4375052686611416,1.4773589829374374
17524,1539,251,0.8310591293047433,0.00955133365538455,0.012266775121343762,0.011833951744900251,1.6494257659801386,1.5350819145120944
23626,1542,187,0.7198443579766537,0.011436069926921246,0.022082641020904736,0.021966062886582365,3.7286225401855764,3.689358351280447
7084,820,137,0.5914634146341463,0.01716613383832952,0.026068152467420527,0.02601923762079356,2.306086090989555,2.2974398307167
13874,968,180,0.512396694214876,0.01606566850514132,0.04504722213445849,0.047016374847516994,7.862097530265497,8.564473644385743
5630,2156,211,0.8102968460111317,0.008443742327175145,0.015620219679083483,0.015696313732398805,3.422191681937916,3.45561537671162
5482,1793,175,0.7914110429447853,0.00959525596349186,0.014261778188154835,0.01453349133627512,2.2091958884813265,2.2941762693565435
6799,603,70,0.9369817578772802,0.009895552653886537,0.011920936362373027,0.011754054923676685,1.4512446480889816,1.4108970435976373
25088,1195,134,0.7489539748953975,0.012543544852870262,0.022214989203108187,0.022316101631598837,3.1365458383571836,3.1651630490405203
22049,438,67,0.6757990867579908,0.02236551289113868,0.03249352058447321,0.031921365333726436,2.110745213517027,2.03706643693138
23024,696,93,0.9080459770114943,0.010953039823999255,0.016987724227694817,0.016917254323098582,2.4054762368932567,2.3855604337862704
19944,305,31,0.6918032786885245,0.02643963134860752,0.038611732592783055,0.03877594403904581,2.132690275816668,2.1508690436635
2655,662,81,0.5981873111782477,0.019054669794362333,0.035543177922642166,0.03535145008773105,3.479442443823022,3.442005909101233
17940,471,60,0.7346072186836518,0.02034518743291671,0.04085404612405136,0.04086648724925038,4.032243582117465,4.034699803244807
3527,743,88,0.8882907133243607,0.01155653910818006,0.01721211498219688,0.017176791187010293,2.2182622608521534,2.2091666863925443
14409,341,51,0.5601173020527859,0.02688009161991995,0.046562498857491155,0.04783428835821798,3.0006204829995733,3.1667745436121053
8160,1507,178,0.5481088254810883,0.012820167550612065,0.029190056470584036,0.030634154514541295,5.184208598488167,5.709845996622296
6281,383,61,0.8668407310704961,0.017360249756633677,0.02110551841199432,0.02107743268560564,1.4780193179004912,1.4740882487611844
13108,952,134,0.7951680672268907,0.013080062611057429,0.023866085787872176,0.023616005041337203,3.3292219479214906,3.2598169978927034
21333,735,94,0.4557823129251701,0.018370517497580594,0.03241237566244432,0.033305334740196604,3.1129987510607946,3.2868873866349637
24369,2221,301,0.879783881134624,0.006900730590243204,0.010527568259371376,0.010706379497914786,2.327372974182658,2.407105479546647
8549,816,116,0.40318627450980393,0.017172249564166193,0.038151215508647994,0.040716457359347306,4.935854802417913,5.621931960037433
8684,554,91,0.8140794223826715,0.016528834690862127,0.02153681035205305,0.02139459713674836,1.6977678105423575,1.6754202249151264
608,233,23,0.6909871244635193,0.030272292058532095,0.048232486628832616,0.04684768055443699,2.5385673835250526,2.3948900408127876
5996,309,32,0.7249190938511327,0.025403628491253674,0.034243954177653385,0.0337085028436168,1.8170894576581653,1.7607083422156835
19828,452,84,0.4557522123893805,0.023425750396060055,0.04215184548696162,0.04502301290340195,3.2377712632087374,3.693874069409602
496,978,91,0.5081799591002045,0.015986097240372626,0.03457642878452089,0.034869474506949515,4.678163216337563,4.757796957071131
4416,494,148,0.631578947368421,0.021703139785231168,0.031140046877718368,0.031777482925979365,2.0587015371524413,2.1438473210761075
21488,1887,197,0.6327503974562798,0.011097136560323732,0.023553044345132453,0.023405090364758553,4.504766022074323,4.448348289248469
9773,1394,160,0.6685796269727403,0.012607668562347275,0.023621013220134872,0.02351983265342283,3.5101645732169415,3.4801574119728254
9358,720,96,0.8111111111111111,0.014587374513561466,0.03434714511478418,0.035184289171587696,5.544048536494922,5.817592490492954
10887,766,147,0.5234986945169713,0.018045771922440997,0.03788588558009854,0.03976797955234502,4.407618106102156,4.856418730773046
11176,467,54,0.6423982869379015,0.02217908074883354,0.03644110804790531,0.03621674600714069,2.6995791399061932,2.6664397228733514
20975,1059,132,0.7592067988668555,0.013138753791755723,0.020164436207879104,0.020303615028921546,2.355395378843251,2.388022375291709
14744,1600,206,0.78125,0.010334966058846057,0.018203627603293464,0.018404641021827615,3.1023998839721423,3.17129463414634
1807,413,75,0.6924939467312349,0.022707002070530388,0.03742740131532395,0.03651195262437168,2.7168130129715586,2.585535584668109
11640,875,125,0.8148571428571428,0.013130769952044995,0.021388624523078405,0.02073421481669138,2.653293711360675,2.4934163453595204
23789,538,77,0.4684014869888476,0.021513440684045766,0.031696000837279234,0.03196658047381055,2.1706469503779724,2.2078655137987933
11365,937,122,0.31910352187833513,0.015227778365260378,0.03849492539791775,0.04114097721979238,6.390485742464942,7.299214261424416
20757,1037,139,0.7492767598842816,0.013459503780846071,0.024771803887156153,0.024501541240230924,3.387327349608465,3.313818440888585
5647,790,62,0.7291139240506329,0.015811660887071536,0.03807478687120742,0.0380816903854222,5.798557646704111,5.800660563488632
17595,314,56,0.7802547770700637,0.023367546492401605,0.033107650756733435,0.033332530549714905,2.007384191672436,2.034746643553069
4937,525,73,0.6685714285714286,0.02054419966661371,0.03407621010528826,0.033324874845794196,2.7512123993764797,2.6312287123972937
3772,513,60,0.6140350877192983,0.02149373174724932,0.02411149959720972,0.023867205948137134,1.2584176329100991,1.2330466639119628
14716,523,71,0.7323135755258127,0.019360246007752904,0.028073592060301585,0.028004693447059307,2.102685048841736,2.092376833914052
1346,1588,222,0.6536523929471033,0.011939998558641909,0.020484386305813222,0.020184469432819034,2.943319217764872,2.857762462841357
14755,924,114,0.5703463203463204,0.016285181536513496,0.04062675271994122,0.04270931832300841,6.2235618958951875,6.877966737970186
17841,2770,340,0.8086642599277978,0.007473814085399347,0.010700373929952494,0.010357812426643348,2.0498086828335254,1.9206644728848337
24576,1188,155,0.6565656565656566,0.013776938569591836,0.03285062454177892,0.03445510423390855,5.6856721992634345,6.25463098992511
2865,736,85,0.8994565217391305,0.011084806927487187,0.01586938891162016,0.01562484100989908,2.0495765378438078,1.9868951406699336
5213,554,73,0.6028880866425993,0.02078834552810959,0.03389609441358851,0.034777894476099115,2.6586395919491816,2.798766824735826
8701,322,36,0.45962732919254656,0.027772928385259868,0.03817658407487658,0.037810701403978006,1.8895169159016545,1.8534723812941842
17574,580,78,0.5775862068965517,0.020509895866319038,0.02979632007809851,0.030055988941116735,2.110563149626791,2.1475096982801247
20127,1043,137,0.710450623202301,0.01404384775698744,0.02026749866796886,0.01979085557571317,2.082706539310595,1.9858978856087712
7918,621,77,0.4750402576489533,0.02003929357677035,0.040715209686346836,0.042141693857966935,4.128084096321033,4.4224115957469055
26688,275,25,0.6763636363636364,0.028213205661604318,0.03545303953341976,0.03222285399039048,1.5790725373990016,1.3044370856078
6388,268,33,0.5634328358208955,0.030295575962661615,0.038095650707116964,0.03760699897607221,1.5812202417199392,1.540915875601615
23961,1268,198,0.6711356466876972,0.01319331486487177,0.02337334675476029,0.023142694067398356,3.1385853968857385,3.0769467058330973
23283,344,52,0.5436046511627907,0.026855482875128348,0.05387450399720173,0.05696753619447413,4.024395348534408,4.49975577115578
25747,1996,223,0.7289579158316634,0.009949226633775659,0.017446771949587627,0.017769934889751236,3.075045322410462,3.1900172056680014
26228,1055,115,0.7364928909952607,0.013562951785864712,0.023026377923801883,0.02300324430829206,2.8823241515689246,2.876535565594894
23159,327,51,0.5168195718654435,0.027634414457198875,0.047817015976527044,0.0483609881909951,2.9940869429092665,3.0625966236937883
18321,521,68,0.5950095969289827,0.021506289598764713,0.031193917164068094,0.030501047497531932,2.1038213100298893,2.011400389653094
3886,254,34,0.8228346456692913,0.023956800980326175,0.03592797652150903,0.03514623575209386,2.249095343821523,2.152286024418036
5275,1388,250,0.7240634005763689,0.01199770608845028,0.01831778315382432,0.017865714380553076,2.3310381951046026,2.2174014945071816
4022,445,68,0.4157303370786517,0.023363210487744552,0.04146929460079283,0.042417650040342515,3.1505636109156523,3.2963108957071725
18405,1211,133,0.671345995045417,0.013498036373749522,0.03236806759205549,0.033380567027270436,5.750324541308633,6.115700812887366
20024,1960,213,0.5903061224489796,0.011108114432661237,0.022720697716949283,0.02290460953684032,4.183720251693499,4.251724297923818
16865,1937,226,0.7940113577697471,0.009189040898773598,0.017390958228033028,0.017454676797648973,3.581843899297413,3.608138951206743
19763,1299,146,0.6643571978444958,0.013101919172475556,0.021816349195843368,0.021543831409342497,2.77264534109655,2.703809265403073
18816,551,89,0.8911070780399274,0.013270551538099468,0.0162742563110043,0.016195930605915287,1.503918692496518,1.4894772306958908
7149,500,52,0.834,0.016639951923007473,0.027579511424696498,0.027117937754896324,2.7470654214879824,2.655884502320185
10740,480,51,0.925,0.012022115038544588,0.020667517565730063,0.021039583230187807,2.9553904939572644,3.062756756756758
27404,1663,156,0.5171377029464823,0.012253738961779235,0.028106836907628534,0.02926499254288152,5.261222859655051,5.703738244697018
9078,311,34,0.7459807073954984,0.024684080527266155,0.03900116472798771,0.0382157840347723,2.4964406451433065,2.396909512046192
2330,407,47,0.6216216216216216,0.024039697980689553,0.051379944316120384,0.053971880351283995,4.568033121315998,5.040540208782175
14369,1830,200,0.6989071038251367,0.010723447676974866,0.017223933698486796,0.017911454243946516,2.579858081329172,2.7899268838844673
18591,1005,135,0.4338308457711443,0.015633286436466737,0.03178626949663013,0.03346931457462511,4.134076910464155,4.583455998844646
16256,205,21,0.6829268292682927,0.032500489687406466,0.05552196928287946,0.05123677543118251,2.9184342527968523,2.485328330206378
23271,626,78,0.7779552715654952,0.01661155853648613,0.024586726954223283,0.02507560062275945,2.19068873304698,2.2786725815511724
14005,1248,165,0.5913461538461539,0.013915262102203056,0.02241224209652329,0.023556889077602283,2.5941066573235667,2.865847602025297
5236,249,25,0.6265060240963856,0.030655242275755053,0.06522110652057564,0.06593371714227989,4.52654476490087,4.625999863805927
19417,2250,228,0.7795555555555556,0.008739404794327934,0.012635026146071553,0.012634970456343651,2.090203539015942,2.0901851136310667
10152,1903,183,0.7346295323173936,0.010121411739416716,0.019220426282251898,0.01978775775508307,3.6061504882312088,3.8221786773092052
23830,559,70,0.9159212880143113,0.011737245746083909,0.018498196666344665,0.01857252648981356,2.4838558585479182,2.50385732159731
17909,1124,135,0.7882562277580071,0.012185851253883861,0.022852257232963476,0.02303820292842266,3.5167902178246515,3.574254342600908
3877,1319,155,0.38286580742987114,0.013384147008797528,0.03900184980922209,0.04002777540651235,8.491589957458615,8.944200214600833
20,647,80,0.5115919629057187,0.019651744867726164,0.03203124106810673,0.032298880432280436,2.6567170170535155,2.7012992818186037
7189,583,67,0.6449399656946827,0.019818750168053286,0.03376987747706078,0.03384674350861382,2.903397133909983,2.9166294357107776
5450,2198,172,0.5268425841674249,0.010649504887849512,0.029025954549039116,0.030740824238896732,7.428723385153938,8.332439734859319
14471,865,117,0.3988439306358382,0.01664895801668618,0.0392489996368514,0.04046056329045643,5.557546023277206,5.905949554124675
2562,562,95,0.6245551601423488,0.02042632852332761,0.03294536250999274,0.033178617101471714,2.601404913317586,2.6383714325714793
768,1065,111,0.6169014084507042,0.014896641103025191,0.024509855995346785,0.025630794253909468,2.707103185511718,2.960379713880184
20372,541,51,0.8207024029574861,0.01649230867269474,0.03620454595236866,0.03674763100280797,4.819070740863621,4.964731710005256
21595,779,173,0.865211810012837,0.012235406744853206,0.016154611160439602,0.01596122194230379,1.7432360380710068,1.701748790083336
8351,466,48,0.7532188841201717,0.01997209408970894,0.027705442346565197,0.02487018951903123,1.9243451529573274,1.550639999991855
3798,356,32,0.8539325842696629,0.018718173422378023,0.031875682435244086,0.032351969279894234,2.8999602806448603,2.9872702220043945
23026,912,109,0.7609649122807017,0.014122634662934726,0.02233934461094021,0.022428972805170387,2.502127328259852,2.522245289616933
5604,2487,232,0.5432247687977483,0.009988566430348582,0.02207149467274415,0.021365013437914766,4.882667652085442,4.57509394221193
26589,354,35,0.5649717514124294,0.026349383911922066,0.04761630258884286,0.03935159409769653,3.265655800853823,2.2304049971298228
27347,260,38,0.7846153846153846,0.02549465123694023,0.03389028486607917,0.03217034085667007,1.767064036445292,1.5922570275511447
15763,1005,112,0.6547263681592039,0.01499783569779892,0.02704957651217465,0.025695515968699064,3.252847905010689,2.935333847258496
23378,1007,122,0.8679245283018868,0.010669334495822495,0.0175245787722291,0.016937144020595672,2.6978668627836897,2.520029930622188
999,1036,148,0.8079150579150579,0.012239104251753716,0.018637952388524195,0.018175017842757463,2.31898066576924,2.205212388461308
17948,1095,133,0.3415525114155251,0.014331190028600747,0.06612536939267612,0.0725589858916779,21.28980643359854,25.634089666088492
25402,1295,150,0.7752895752895753,0.011598683513928728,0.019246207962420932,0.019282151004983237,2.7534231013825896,2.7637169541481987
22771,900,94,0.5977777777777777,0.016344877083010155,0.02991562343327145,0.030468657613159977,3.3499073662302967,3.4749080979752676
4537,1926,208,0.7149532710280374,0.010286525763929077,0.01897857397255825,0.0189947238183015,3.404001302207495,3.40979704704737
5643,1352,117,0.45636094674556216,0.013546316368413525,0.026216419437373534,0.02593747363149981,3.7454527711776104,3.666172680203207
14686,1200,152,0.3858333333333333,0.01405246040800395,0.037021935369630485,0.03846546717964433,6.940863377098302,7.492681678164803
9687,1864,193,0.42435622317596566,0.011447726385295653,0.032348663242384335,0.034590215678877205,7.984986684663661,9.129942839236724
21451,255,21,0.8117647058823529,0.02447910418760874,0.031598386344311585,0.029240229824293792,1.6662446501765569,1.4268243819266837
20063,2267,247,0.7931186590207322,0.008507539709417583,0.013451859848170574,0.013262417886615916,2.5000960731748743,2.430174426262106
6898,246,20,0.6341463414634146,0.030710076143106023,0.05233840203691399,0.05242240203987671,2.904551834750199,2.9138825801213484
21808,1084,144,0.7158671586715867,0.013698161922075883,0.02198841727557065,0.022275043690703246,2.5766969824327113,2.64431103847753
10493,480,63,0.61875,0.022168786122045564,0.053399291065337307,0.05284660855832719,5.802125999307198,5.68264356280948
12693,547,69,0.5283363802559415,0.02134409694750643,0.03391838994097266,0.034022723746632344,2.52531110019593,2.540870833208685
25062,222,24,0.7342342342342343,0.029647654869254074,0.03433818779899107,0.03471111674985607,1.3414486424564362,1.370744398842287
7700,1337,153,0.7367240089753179,0.012044598735307877,0.022308294913314052,0.021967677876858927,3.4304262122539413,3.3264701535418424
15619,316,56,0.4272151898734177,0.027827586907328637,0.051354039984152486,0.05228206050986416,3.4056352652116235,3.5298341081514737
4559,978,132,0.4437627811860941,0.01588678552170821,0.02678212381525155,0.027523469983541753,2.841960007056445,3.001472076405775
987,284,26,0.6126760563380281,0.028906363299167955,0.05191568178502733,0.052234747521520304,3.2255977705655416,3.265367654201069
18271,298,27,0.8926174496644296,0.017934588289412592,0.03443869786497846,0.030498824913323428,3.6873182416936454,2.8919007961307464
15108,393,38,0.8320610687022901,0.018856323421003587,0.022796202826969664,0.022915538566501966,1.461540948849046,1.4768830293726998
7663,1219,134,0.5159967186218212,0.014313497619535834,0.03290998193117538,0.03260996330049295,5.286445356502335,5.190498619411758
224,1062,100,0.4689265536723164,0.015313252662106838,0.03580345817367184,0.03618033294303463,5.466571789660198,5.582262072485497
25313,523,73,0.847036328871893,0.0157396229096109,0.019485463997754176,0.019689898479733754,1.5326142427024283,1.5649422195989742
25910,1896,220,0.7521097046413502,0.009916335051691778,0.016974694711372768,0.01673832192292297,2.9302289859111994,2.8491902405022564
24361,437,64,0.7299771167048055,0.02123802803380371,0.03494447707046149,0.03527033028667466,2.707252180585515,2.7579772139178433
18855,443,85,0.35891647855530473,0.022790410243008232,0.04290593259692797,0.044751623314467526,3.544299444281584,3.8557893661022975
23061,1691,204,0.7628622117090479,0.010343121588572528,0.017514177018156957,0.017697034402708655,2.8673203011855226,2.9275055708166327
23643,2622,336,0.7387490465293669,0.008579481953793506,0.014152713366155792,0.014410342161887293,2.72118013507301,2.8211518028902174
9124,318,37,0.9213836477987422,0.015092567766474174,0.01868710673387325,0.01759631661049285,1.5330554492721393,1.3593061011297858
14986,835,122,0.7916167664670659,0.014055478677606039,0.018269625473407294,0.018260782274774057,1.689538168989699,1.6879029624377828
15737,1209,110,0.43837882547559964,0.014270308786500116,0.02890046783752038,0.029998917284348288,4.10150272991124,4.41920776242314
11255,955,217,0.5465968586387434,0.016109206263981424,0.03485277249746285,0.03720723462867488,4.6808678276852875,5.334657003128066
27319,776,124,0.5476804123711341,0.017867156496870398,0.031328890887375824,0.031648971731787164,3.0745329911106656,3.1376776641095487
8644,925,88,0.6324324324324324,0.015852756630946922,0.0284558400797807,0.02990081468494421,3.2220571407842,3.557594605059108
18357,300,30,0.6233333333333333,0.027975518397871192,0.03526294823211939,0.03453693674893591,1.5888428842255722,1.5240925654252047
24170,1151,141,0.7306689834926151,0.01307572744360309,0.0252938124859954,0.025020448047580603,3.7419404390609494,3.6614950062352287
4771,235,29,0.6595744680851063,0.03091071487677051,0.04937263796182829,0.04971566671824524,2.5512590936701414,2.586833267967448
3235,1267,148,0.7940015785319653,0.011361987880805087,0.016644020487574913,0.016396408491925137,2.145891897769516,2.0825182487422462
23334,413,77,0.7070217917675545,0.022395410813478785,0.032454687832483224,0.03235364373546118,2.1000846742494166,2.0870282659918256
4340,254,39,0.4015748031496063,0.030758935749546495,0.0638516507115935,0.06619978365600283,4.30924958683004,4.632021114987318
16277,1567,157,0.8410976388002552,0.00923536116538316,0.016135392862723502,0.01631235378458911,3.0524694078418766,3.1197909640296673
19260,470,46,0.7893617021276595,0.018808656073212426,0.02421463785347674,0.023653459431859977,1.6574499623053882,1.5815167805961339
1405,598,85,0.2842809364548495,0.018445675714030177,0.03297221406220299,0.03367648961726733,3.1952664765717356,3.333223934402317
2963,981,107,0.8032619775739042,0.012692239313654277,0.020554223239695024,0.020885694819751086,2.6225612130936247,2.707829724670239
3174,1615,207,0.7219814241486068,0.011148428573072054,0.018404401402353634,0.018381371590569996,2.7253110807465375,2.718494870722325
13038,2221,209,0.4633048176497073,0.010580908950338051,0.03298397480988134,0.03342867629283141,9.717622537569268,9.981421716940753
14793,1135,108,0.7066079295154185,0.013514983150913398,0.025118107192846552,0.02535636026193762,3.45416279267407,3.5200011872048274
22778,374,31,0.5026737967914439,0.025854014821330925,0.06375306838795176,0.06607690004137547,6.080596663748751,6.531957244535467
18819,298,27,0.8422818791946308,0.021113556443382368,0.02058900358997162,0.020466209477457045,0.9509285170277628,0.9396195466160925
15564,1087,141,0.45078196872125115,0.015091794726756577,0.0667167948167673,0.07089222064117676,19.542880162949366,22.065581757344155
3404,649,80,0.6224961479198767,0.019028593104561623,0.03976780894913082,0.03959942558530979,4.367671514683313,4.330762957332037
6141,893,89,0.6550951847704367,0.015906553955742503,0.028082126639117567,0.02826569362779697,3.1167917174143747,3.157672527993458
10014,617,81,0.47487844408427876,0.0201038191711124,0.034814695032977655,0.03430837721785199,2.9989418997330883,2.9123476402387434
20535,600,76,0.24333333333333335,0.017517715900492576,0.03766582781854852,0.03790714911345174,4.623172265032487,4.6826024688377945
19441,1734,233,0.6931949250288351,0.011074762214091786,0.020157730149291612,0.01981663750009283,3.3129465830401768,3.201777213680448
23704,720,89,0.6805555555555556,0.017376536357255848,0.02515536460884348,0.025059977122658263,2.0957274711326677,2.079863883959381
23577,469,46,0.5522388059701493,0.0229615005095933,0.06289747905342344,0.06305211708270769,7.503535605139415,7.540476937491858
1774,275,34,0.26181818181818184,0.026510335650809052,0.05636453508798601,0.05823518641534115,4.520447247105566,4.82547963588716
24343,2833,251,0.5940698905753619,0.009226162857634126,0.017720038372058756,0.017454195719277078,3.6888167669256844,3.5789649918956425
15988,489,55,0.7300613496932515,0.02007510312794906,0.03043916352394153,0.028943015844090616,2.2990576286976534,2.0786051298501675
860,496,63,0.7096774193548387,0.020381214657441096,0.03796367907657411,0.037631327818348916,3.4695764457944436,3.409093865291836
7834,293,32,0.5324232081911263,0.029148831668060933,0.053691764676716255,0.054820273250486364,3.392915562054505,3.537040946379477
10585,3430,406,0.6262390670553936,0.008260759358232804,0.021694234460984917,0.023118070405869544,6.896817227510119,7.831829459375595
18220,277,30,0.6859205776173285,0.027887961691145217,0.054957117281590286,0.05259172909225448,3.8834198126321544,3.556324264044211
7119,1115,148,0.672645739910314,0.014052861397049421,0.024042648187021697,0.023746663734031965,2.9270832689371815,2.8554573591256425
5879,1254,107,0.5829346092503987,0.013923974785761302,0.027030120760958114,0.02611177103313196,3.768508642623753,3.5167881018705685
17811,353,38,0.7337110481586402,0.023526198161008063,0.0430758612165077,0.04281167787287474,3.3524664213870325,3.3114713081644025
14971,1429,155,0.834149755073478,0.009839294452065144,0.014582159711476219,0.014991157025024097,2.196422004923241,2.3213594369132005
13748,970,193,0.8525773195876288,0.0113831686977052,0.017593648076141753,0.01780819181559066,2.3888311685894528,2.4474470547932716
24616,349,41,0.6217765042979942,0.02595844613038664,0.030067084762571333,0.03018566025932876,1.341606827224439,1.3522094767542587
10696,1323,155,0.6152683295540439,0.013376156068652745,0.03276226560482753,0.032607749602105926,5.999087535987705,5.942634227923873
9471,2178,153,0.4885215794306703,0.010710915577887644,0.04130358476756776,0.04383796644019287,14.870387971486439,16.751264925573242
26454,1078,129,0.5983302411873841,0.014931232710904685,0.037739043284162485,0.03816103580252506,6.388375626512325,6.532042172710987
976,310,40,0.8516129032258064,0.020190093888893177,0.01990717830086732,0.019374802323312727,0.9721711648356431,0.920869063926567
9832,568,60,0.6830985915492958,0.019522238392491828,0.03006774126755371,0.02928499774315178,2.3721512987790137,2.250252051068131
6603,851,104,0.7931844888366627,0.013883976828704578,0.027709676918170615,0.026954151621338695,3.9832279793840315,3.768977750151242
25276,212,30,0.8773584905660378,0.022528867183971464,0.027500136721247306,0.02665727746468558,1.4900162217830983,1.4000800760722691
14464,460,56,0.9,0.013987572123604705,0.018020543098460656,0.01789622757269147,1.659782087102221,1.636960913482653
12358,2940,322,0.48095238095238096,0.00921469523284538,0.037554686142990686,0.04080045823149058,16.60987337893183,19.605057913466414
17622,231,43,0.7965367965367965,0.026487432967229625,0.02715969651149403,0.025959391994924787,1.0514051118547394,0.9605263684819653
8799,786,118,0.5292620865139949,0.017803841048991936,0.027739911652576357,0.027797374516842263,2.4276313126738898,2.437699342822655
1855,395,31,0.830379746835443,0.018883334215413577,0.03064287327241111,0.03018921640986023,2.6333077098847224,2.5559144997457888
14311,1754,259,0.7377423033067275,0.010502717170782432,0.018792160645216282,0.018889993648510132,3.2014748303655995,3.234895701693252
22453,477,62,0.8888888888888888,0.014389420183070583,0.0199534689723821,0.019667670307958074,1.9228713602271548,1.868182286833693
22186,794,94,0.6423173803526449,0.01701035998037417,0.02587575969345564,0.026438487847933706,2.313977914600376,2.4157178877213528
12278,2286,300,0.7222222222222222,0.009367982271648192,0.015937786100413513,0.015874591126502142,2.894435441972229,2.87152747532491
2203,860,121,0.37093023255813956,0.01647199861966263,0.02767454806071588,0.027621525073022405,2.822724418997906,2.8119183958938287
14743,252,21,0.5238095238095238,0.03146130822111475,0.06298539606955325,0.06489324546467296,4.00798580216231,4.254469696969699
25151,492,56,0.34146341463414637,0.021378611333808934,0.042990326326527245,0.04486150339679509,4.043733256957923,4.403405326982561
14791,491,87,0.6822810590631364,0.021011761593652145,0.029887589542332484,0.0303797635081938,2.023284020161628,2.0904695623130753
16715,1157,135,0.6197061365600691,0.014272034197321922,0.026313289842593277,0.026937770839460515,3.399214289627947,3.562472764318333
2240,615,83,0.5788617886178862,0.019909584989773667,0.03899165468705614,0.0405460540591272,3.8354728838182925,4.147369938385855
7160,571,53,0.8441330998248686,0.015179740946736534,0.024465322904706835,0.024419839715325294,2.597605434186939,2.587956057624813
2909,1911,226,0.7744636316064888,0.009560452810461764,0.01671748250837421,0.016513242999504685,3.0576292939939758,2.9833748148378563
15462,1367,138,0.7585954645208486,0.011574269122813763,0.020629944346801373,0.021131913696016184,3.1769396154090392,3.3334235868693725
7388,439,38,0.6400911161731208,0.02290788124565103,0.047518168953415915,0.0463202828740127,4.302784035345004,4.088580563364207
3232,344,44,0.8197674418604651,0.020724436699922886,0.041359353005278314,0.04130929233356613,3.982740428849122,3.973104978372253
4772,479,49,0.755741127348643,0.019631068841161982,0.027608116363847107,0.02685583196770813,1.9778149781027796,1.8714978384625671
8408,1633,160,0.7648499693815064,0.010494640212489373,0.016265692598644545,0.01362128526594203,2.4022046997405178,1.6846165698460127
12613,971,117,0.654994850669413,0.015255347908873422,0.0260964584364183,0.02633331796594285,2.9263004430804984,2.9796615260333885
27477,209,33,0.4784688995215311,0.03455364124118924,0.04051190591081995,0.04097731899425907,1.3746043410522393,1.406369507484307
2877,772,91,0.6658031088082902,0.016977176431076497,0.027799513401118605,0.028022096839842015,2.6812879989767495,2.7243966351918982
23586,835,91,0.4538922155688623,0.017229485665718858,0.049773530253176726,0.050844410020022344,8.345498113587738,8.708468763994947
5660,1430,155,0.8475524475524475,0.009505511695202138,0.015487930090675768,0.015100506834321788,2.654824141774191,2.5236669917530197
27597,1324,110,0.3157099697885196,0.012773804410878553,0.036107631066805895,0.03778539562760842,7.990196660006347,8.74998731612009
21297,1549,176,0.7437056165267915,0.011092881311878203,0.015400029086498615,0.01597126278122381,1.9273223142609226,2.0729545401572707
2486,1719,269,0.9377545084351367,0.005827208968772508,0.008435316764020128,0.008428819418183141,2.0954707678052857,2.0922439169022375
1744,1991,109,0.9728779507785033,0.0036404477337853144,0.004094611426284137,0.004017878468190903,1.2650735847744472,1.218102941375065
17223,1275,155,0.5513725490196079,0.013928694073526933,0.025002358797822068,0.02489006135402862,3.2221159667917365,3.1932368676247087
8201,569,89,0.5202108963093146,0.020943959020582572,0.03866018984938672,0.0403869523134425,3.407300255964622,3.718472759388841
7178,416,51,0.7475961538461539,0.02129780508511922,0.028048851508869727,0.027672423764214856,1.734444750924122,1.6882031376983142
19529,729,75,0.7338820301783264,0.016367655043771932,0.03214193759353401,0.03238012070901266,3.85630326485278,3.9136681671019176
2827,1366,158,0.8074670571010248,0.010668161495346877,0.018437660971823987,0.018957987404555236,2.986981185654004,3.157950351738194
4890,944,154,0.4735169491525424,0.016250770777606987,0.03165880451488689,0.032590217024689526,3.7952561566188807,4.021856548073272
9633,984,129,0.5264227642276422,0.015917145659498803,0.05818764352674134,0.061571355385837856,13.363836634535293,14.963288406275483
14536,1623,181,0.7541589648798521,0.010688072153830984,0.018631679513700206,0.018497589257186777,3.0388219618878485,2.995239188428304
3284,1723,238,0.4672083575159605,0.012019637351285296,0.02266739307135959,0.02312509408871888,3.556480421200401,3.7015556889777637
2388,1043,136,0.576222435282838,0.015301073736427367,0.05545309102597749,0.058609270613640733,13.134323309283786,14.671983072157271
18012,317,35,0.637223974763407,0.027004473326717793,0.06016960649054819,0.06033699613087756,4.964584640042167,4.992245647632685
13220,1975,108,0.6769620253164557,0.010522656486944107,0.020944093405102525,0.020901410083241773,3.961615717089619,3.9454849053384593
1849,877,113,0.5028506271379704,0.016883525936041213,0.029193721642772875,0.029916178848157553,2.9898722125161257,3.1396840243497564
7795,309,29,0.6796116504854369,0.0265454153800978,0.053248130889378034,0.05333759595037987,4.0237379080663445,4.037270265564303
11859,260,23,0.6923076923076923,0.028623400289817337,0.04946157737486364,0.04868582423193054,2.986025253995522,2.8930944055944052
3032,928,117,0.6217672413793104,0.015919136273858638,0.024847337270578577,0.025941525431829333,2.4362435878101985,2.65553493647009
285,1529,159,0.671680837148463,0.012009525600039353,0.021082760520830086,0.020752221160834132,3.0817914558227684,2.9859152011114145
4435,1718,180,0.689755529685681,0.011160612779837957,0.019341273292196075,0.019793154144989483,3.00326767870481,3.1452410329308718
4373,350,56,0.48857142857142855,0.02671914176097632,0.03636464340040168,0.0360170975684351,1.8523099429333019,1.8170731721804925
4483,1357,171,0.37214443625644805,0.01312186952019789,0.033598427888956874,0.03456733820967476,6.556113801771921,6.939696025091889
2778,662,94,0.6737160120845922,0.018222473224871447,0.02797341639082076,0.027511986509050502,2.3565484782402595,2.2794457371457324
14092,1104,124,0.8088768115942029,0.01183350359361844,0.020380217971785113,0.019999369106043732,2.9661352844436046,2.856313664383169
763,214,43,0.9205607476635514,0.018485743120400456,0.02876822999494155,0.026819496585527677,2.4218790854624666,2.104880360038127
18067,559,88,0.6618962432915921,0.020008477917258467,0.025744169402081536,0.02508470929987989,1.655501827283063,1.5717737824126494
7742,374,37,0.17379679144385027,0.019594244129722604,0.05659470067314168,0.04951716925728767,8.342467148368463,6.386377547828142
872,369,45,0.6287262872628726,0.02515154841050236,0.03617991826589597,0.036846180006322525,2.0692154347423215,2.1461273309361477
14462,395,27,0.5822784810126582,0.024814769569052802,0.03466393269421771,0.03452141342433315,1.951349997519059,1.935337199949197
17006,267,35,0.5880149812734082,0.030121685984680645,0.049806745742393285,0.050814842212910126,2.7341213126157053,2.845919485924789
6719,472,58,0.8177966101694916,0.017767645476338148,0.021993586441489462,0.023024715340512522,1.5322595928799232,1.6793018995621467
26372,211,32,0.3744075829383886,0.03331783923461443,0.040620349160300336,0.04190567937474651,1.4863929873444595,1.5819476768853533
23099,1527,223,0.6882776686313032,0.011853491122765734,0.01825316353520128,0.01814439404753498,2.3712848792514882,2.343108397305568
8446,1023,123,0.5884652981427175,0.015386004069806105,0.03438281439892843,0.03477598002987854,4.993800170500247,5.108660821802347
10067,652,78,0.700920245398773,0.017930979420798677,0.03529107780153207,0.03601832827321412,3.8736628618491684,4.034958568166606
12871,2738,254,0.8473338203067933,0.006873563792374968,0.01008753892797365,0.009923904444416029,2.1538056509800407,2.0844967026360424
25583,860,101,0.6988372093023256,0.015643698642126,0.023401244281760106,0.023790080665376665,2.23768534683836,2.312666166517538
16833,234,21,0.8888888888888888,0.02054445171204553,0.030620351173233695,0.030741959706052594,2.2214227927245247,2.2391025641025624
13537,686,95,0.7755102040816326,0.015930521864977325,0.027606484115598278,0.027007828227477246,3.003047442273258,2.8742154502032924
8171,518,69,0.7548262548262549,0.018901470793787116,0.04093314377909674,0.0406152744323557,4.689850543209857,4.617294600075299
3441,213,21,0.6572769953051644,0.0325204122787259,0.04487190395664623,0.04712999667154142,1.9038683290057068,2.100306772139687
10985,1183,134,0.8047337278106509,0.011525170188493153,0.026943189902978767,0.02684649095688853,5.465165648520136,5.426007151537041
17344,1074,122,0.4301675977653631,0.015107419083274023,0.03494541850905254,0.03678808247541923,5.3505686223172955,5.929714029895181
12840,572,72,0.3548951048951049,0.020006317595582405,0.03699894487748142,0.03777469410326458,3.4201437553472105,3.5650661661393848
25242,2864,342,0.7891061452513967,0.0076227761840455795,0.01282990294908127,0.01276318503213177,2.8328292989816872,2.803443410157543
25410,716,75,0.46368715083798884,0.01863653291035184,0.03131391385687295,0.03212373370249453,2.8232183223828615,2.971130947237539
5338,238,34,0.6176470588235294,0.03150024473362132,0.049107351895695525,0.050338027330730784,2.4303295930564692,2.553668553668554
22102,269,57,0.6282527881040892,0.029465575803144985,0.03383377346821421,0.03354310530519221,1.3184722991367932,1.2959154471493612
24579,2925,265,0.6707692307692308,0.008689080874007198,0.018489407666485026,0.018999987404509068,4.527915541328518,4.781442607014927
9535,201,22,0.4925373134328358,0.035263352385143526,0.04829247245342164,0.04846406746675814,1.8754767620019743,1.8888284998908358
3437,611,61,0.5891980360065466,0.01990335529916016,0.08095535336517727,0.08280082521363066,16.543925056130856,17.30679855470524
10,809,119,0.5698393077873919,0.01740673438181422,0.058908122635367405,0.06226581456066184,11.45290768199415,12.795720446882756
7574,369,60,0.8672086720867209,0.01766580693906792,0.029172395126080067,0.029489135470173324,2.7269502486738517,2.7864876417702265
4627,246,36,0.8252032520325203,0.02421472750035724,0.0289122515977132,0.029039778217501856,1.4256228801609043,1.4382269362847138
14717,1829,208,0.6878075451066157,0.010835222064145592,0.018353885823659637,0.018902615744597402,2.86932946754005,3.043464070747461
2855,228,25,0.5087719298245614,0.03310821261125515,0.054188971032714535,0.055190189227170984,2.6788619773268723,2.7787680407916335
4801,412,67,0.8907766990291263,0.01536715475871826,0.02005259593826126,0.019638270892685605,1.702763278646922,1.6331255109938219
12253,1259,279,0.5520254169976172,0.014015008294503972,0.027846679963033374,0.027902142919494527,3.947845325547538,3.9635870388890444
21384,304,24,0.8947368421052632,0.01760147510684049,0.020914134942000614,0.021027022844425255,1.4118276404296453,1.4271099744245523
18862,293,26,0.6177474402730375,0.02838878908592278,0.04394256345577683,0.0448734529797567,2.3959460824801577,2.4985338778280908
26324,3238,334,0.8199505867819642,0.006752292910445212,0.013702849901744384,0.014068713950284454,4.118312084438543,4.341164591921451
22222,1494,169,0.4899598393574297,0.012933233841538392,0.027439571522847366,0.028133629645559842,4.5013252113100535,4.7319186763424606
14367,218,20,0.4954128440366973,0.03386284789988403,0.031792043802693064,0.03279995269579,0.8814342794206899,0.9382087412024639
22674,1825,193,0.5567123287671233,0.011628583389755542,0.025632001558913424,0.02611748307687145,4.858603049883589,5.044394235893957
25644,610,84,0.4885245901639344,0.020239075781120174,0.03096113406846191,0.03164518593822821,2.340196723156122,2.4447471615007634
26044,1284,147,0.764018691588785,0.011849725291311734,0.020742002053913234,0.020890601138114792,3.0639719222801904,3.1080307700666316
15589,367,35,0.7384196185286104,0.022941465944330046,0.03355698394004661,0.03240460598793816,2.139555265586219,1.9951298171620921
1385,295,48,0.7627118644067796,0.024768930531226512,0.03987872364511241,0.04032616351101865,2.592196915759526,2.650692219188432
13362,2320,238,0.8737068965517242,0.006896499470298473,0.009981712906272432,0.009860492242051518,2.094849052634243,2.0442771631166528
12029,206,22,0.8203883495145631,0.026745048130297197,0.03611881336394318,0.03357466148269567,1.8238124659526538,1.575928528878492
10130,1977,101,0.8431967627718766,0.008177840631949866,0.014878076894945313,0.015215754729182913,3.309910969385579,3.4618616867551157
24587,946,121,0.5792811839323467,0.01605074187935499,0.03096354261962798,0.03203177929823116,3.7214403816346344,3.98264783431672
25742,1359,226,0.4665194996320824,0.013532699777879855,0.03835545681506239,0.0392146601610942,8.033141647554796,8.397074709805711
20890,289,52,0.7681660899653979,0.02482373488851884,0.033325644223052335,0.03251995606205052,1.802282468929146,1.7161911236055074
4638,230,39,0.8565217391304348,0.023115235849544,0.030996632383575244,0.03264771665711058,1.7981767055935287,1.994844130651262
27342,2170,246,0.811520737327189,0.008395599851906311,0.011464425194277726,0.011536504920023572,1.864666237249432,1.8881871982343712
9779,675,74,0.6859259259259259,0.01786498955928781,0.032146116706368834,0.03183063265837047,3.237811048590982,3.1745707311623885
11050,606,83,0.8399339933993399,0.014894839302284768,0.020724276033748504,0.02100492404830761,1.93591859892185,1.9887060132679266
25254,1812,265,0.5816777041942605,0.01158824365813596,0.026173554085392674,0.027293619865056476,5.101409208636631,5.547368813596168
24782,292,40,0.773972602739726,0.0244766461903198,0.04035237223645567,0.03998669129641846,2.7179053085959954,2.6688681531692806
2307,772,87,0.30440414507772023,0.01656132666338432,0.052623552824214055,0.05560562521418931,10.096482210127249,11.27319993413874
3539,1302,151,0.3563748079877112,0.013272860296297598,0.045601575651862424,0.048177700193683545,11.804039424679933,13.175377970341037
11054,910,114,0.8252747252747252,0.012587991534646062,0.016982402471261974,0.016867920537349812,1.8200586119256648,1.795602529465299
27306,1263,169,0.42913697545526525,0.013927149893594452,0.02997147114705193,0.03080648664005433,4.631179583271875,4.892826810728205
11698,1679,167,0.5961882072662299,0.011974457349562992,0.04144536375409174,0.04454544683153119,11.97954238372398,13.838689221649153
13727,728,65,0.7706043956043956,0.015582695966066054,0.030245903725073936,0.030883800897811564,3.767453809560012,3.9280435440711394
4972,284,33,0.6619718309859155,0.02806965217318316,0.043800456441014005,0.04486789252025436,2.434911665642985,2.5550375056188193
8250,1323,144,0.6114890400604687,0.013400347293769934,0.028248428412899387,0.029036906326018446,4.4438201521858085,4.695356574487335
1835,1814,179,0.6824696802646086,0.010929886194714012,0.018084667060894212,0.01836081496965965,2.7377245829873105,2.8219715311182383
13615,1871,266,0.6680919294494923,0.010886546334955132,0.017479715893092107,0.017900850848106022,2.578033096036556,2.7037535165119504
16897,1822,136,0.4264544456641054,0.011586335384345793,0.03953573277289757,0.04157044307018008,11.643603122496518,12.872921337077548
19970,1921,261,0.7829255596043727,0.009405911720031992,0.01495286889679924,0.01511690207111951,2.5272444671895964,2.5829964108826684
26898,1302,135,0.4700460829493088,0.013831961775323465,0.029918829678537318,0.02986600351377436,4.678661687739908,4.6621545208064585
24993,2600,274,0.7196153846153847,0.00880928449989504,0.0174584782283312,0.0176458906316822,3.9276384179988098,4.012415453772915
24479,676,103,0.6789940828402367,0.017956271600892085,0.025499739758903173,0.025898167886167608,2.016690093102843,2.0802031620353554
20405,1437,170,0.5024356297842728,0.013189747070032704,0.026840110136306307,0.028343659442476247,4.140908672042733,4.617840277353464
27358,1202,154,0.6156405990016639,0.014030726083423725,0.033306426145411995,0.03487586183182929,5.635024083851132,6.1785932354983935
9357,1071,97,0.43977591036414565,0.015167076333542338,0.05146332571153886,0.05413939295491141,11.5130913701026,12.741572177791852
7692,1565,230,0.3693290734824281,0.012199751449912482,0.020440731926506625,0.02034288226010163,2.807313536775703,2.7805006796731773
26211,337,27,0.5727002967359051,0.026947287089193094,0.027544665612291488,0.027458360090371912,1.0448282595032843,1.038291009931014
21961,1370,190,0.47883211678832116,0.013496469414523937,0.023624458426567484,0.02337193828810843,3.0639619885213416,2.9988111169008844
27442,361,38,0.5041551246537396,0.02631488077057996,0.03385833536031929,0.03373288805985699,1.6554969741731853,1.643252255425146
14370,1346,139,0.4234769687964339,0.013467925291624766,0.031870562728827496,0.033622814755823204,5.5998715624402475,6.232563880297755
20237,1951,207,0.6519733470015376,0.010784314353942443,0.01862358415289245,0.018819615284748986,2.9822321922785533,3.0453443344256925
16544,653,78,0.7687595712098009,0.016499491517670797,0.02823927665663375,0.02863349481372404,2.929314596833483,3.0116714786626764
24351,746,69,0.6621983914209115,0.01731631604493059,0.026886971107283903,0.027505338052928752,2.4108642317083087,2.5230332079212388
14814,486,57,0.6069958847736625,0.022155078222202137,0.057250160872439115,0.06097955114910832,6.6773916130849305,7.575684354685004
5203,643,94,0.7978227060653188,0.015838494543738143,0.04307597796310135,0.04486867143611449,7.39677645335851,8.025250952464127
7637,1004,98,0.45219123505976094,0.015707559082986346,0.03198977455936519,0.032910002248854583,4.147677254953566,4.3897361777658075
19999,297,29,0.7676767676767676,0.024505146030445533,0.040611859067004874,0.03586020568056907,2.746573029023829,2.1414649106296695
22318,1210,188,0.7776859504132232,0.01195343973258671,0.014447008970505604,0.014469521996033586,1.4607304832144852,1.4652865938557558
12850,1748,324,0.7477116704805492,0.010388311077409975,0.0163221147245236,0.015858041516264156,2.468669548806138,2.330285907910006
5606,1689,199,0.7264653641207816,0.010846729127853545,0.02023547836166713,0.020101251509319688,3.480401613767817,3.4343820494072155
14797,260,34,0.7923076923076923,0.025157673016531885,0.045371482559948495,0.045274320404999936,3.252557663447608,3.238642000454298
7743,2003,324,0.8332501248127808,0.008328752905968574,0.013588893918740902,0.013687759764767651,2.662001286875888,2.7008769151910004
17798,1576,180,0.817258883248731,0.009734639110101296,0.01845072741326324,0.01849864293104529,3.592421394527345,3.611104261271515
22250,397,61,0.7153652392947103,0.0226471017659392,0.02904232829397701,0.02946476058606192,1.644514085017115,1.6927022441672475
851,782,93,0.7902813299232737,0.01455814470882674,0.02540211973559387,0.025386998866699113,3.0445832491014055,3.040959689909581
20821,565,69,0.6601769911504425,0.019926561253097223,0.027841699509933683,0.027680850154679502,1.9522110504234824,1.9297192610110068
257,639,64,0.6118935837245696,0.019278042433416045,0.03218285834696596,0.03196343142451993,2.7869126935093256,2.7490391805457466
1170,1431,193,0.8113207547169812,0.010342809872583552,0.016748593826772476,0.01666698368365707,2.6222833561824124,2.596790644857231
18934,269,37,0.7546468401486989,0.02623563418565918,0.03352514271755083,0.030041107090047908,1.6328945413244516,1.3111389932310324
12868,446,38,0.6704035874439462,0.02225829907130391,0.03607175146586439,0.0362571072339984,2.626337369036278,2.6533977415519354
27473,1238,147,0.721324717285945,0.012742490249916683,0.025555653553500864,0.02600869376103328,4.022215766277764,4.166088220701586
10823,1842,235,0.3338762214983713,0.010988170774460054,0.03536795375352235,0.0370207804701332,10.360222131343965,11.351162465983464
7860,852,77,0.5246478873239436,0.017108891850173193,0.039931361453896384,0.04164816658357838,5.447339878459595,5.925813972364612
15535,315,53,0.8031746031746032,0.022402179598459984,0.04282011816433238,0.04330908974997682,3.6535509956351886,3.73746868683755
17239,1571,175,0.6919159770846595,0.011648585059526055,0.021345395632899403,0.02129065037629746,3.357855994241067,3.3406540685481474
22372,420,47,0.819047619047619,0.018785038168715764,0.028339558853512064,0.02839216134020221,2.2759462820269616,2.284403121048323
6096,939,84,0.5910543130990416,0.01604403923451112,0.031241813261169017,0.032160709573893116,3.791796607769892,4.0181284285748475
12439,628,88,0.5477707006369427,0.019860900044416225,0.03274522480141171,0.03336973021897489,2.718304481695804,2.8229782997389963
2551,3242,447,0.5888340530536705,0.008641686819432327,0.017832039095983687,0.017876165987818337,4.2579932537720255,4.27909285815006
26445,507,53,0.8106508875739645,0.017399813305211894,0.021350128605098214,0.02077100496074863,1.5056076539255578,1.4250360201424852
12095,783,116,0.6206896551724138,0.017340184585198065,0.022894985151489928,0.022988122793649413,1.743304695862566,1.7575172009954612
19775,734,106,0.8419618528610354,0.013464156229809529,0.02093495742071413,0.02086664998950772,2.41760797315202,2.4018571719178072
21416,545,72,0.3834862385321101,0.020828022028758886,0.03525487365752826,0.03640684388707835,2.865116386999289,3.055413593010589
3415,863,167,0.764774044032445,0.014437892143795,0.021557910678551857,0.021233532292314086,2.2294911360222156,2.1629023259584184
6308,266,28,0.8646616541353384,0.02097455296765053,0.024780565923614925,0.024577839539670743,1.3958444166226214,1.3730994152046787
20001,765,95,0.5647058823529412,0.017925523074707354,0.048595877230939805,0.049626645310175244,7.349455718873559,7.6645411838622115
14425,674,73,0.6928783382789317,0.017768622805765997,0.02749862648926208,0.027741289744591772,2.395049356993942,2.4375063756177897
12492,1010,99,0.48217821782178216,0.015722922160569232,0.021658719120724052,0.021814482748829758,1.8975752608086702,1.9249670974825304
12345,676,95,0.5088757396449705,0.019227739039949406,0.04811653203477932,0.05064889358889548,6.2622759084450985,6.9387858961266
5837,694,111,0.7031700288184438,0.017342204993854315,0.02529322581734801,0.02430439675954778,2.127158305626232,1.9640885394178214
24331,859,93,0.7660069848661234,0.014445122519828109,0.02247529363172683,0.022494167712323182,2.42085227708124,2.4249199032363347
22563,1248,156,0.6538461538461539,0.013466820603574795,0.03933751461237898,0.04069094309910241,8.532645152041281,9.129886148007593
5661,588,60,0.8520408163265306,0.014642407870003742,0.023695053384917494,0.023457773103933516,2.6187279453596637,2.5665431026804795
17022,286,22,0.6853146853146853,0.02745998152472392,0.05233695042721559,0.05150230155894198,3.6325896873249652,3.5176513584676843
24354,3105,364,0.8138486312399356,0.006985124213628049,0.011009239147973022,0.0109051960978463,2.4840843844392184,2.437354458613243
14964,1044,102,0.6360153256704981,0.014891042049393614,0.026201497185451658,0.02609467813361346,3.0960077297112454,3.070815392168303
2786,985,88,0.7045685279187818,0.014536902713182425,0.023838023842831776,0.02451680509189659,2.6890367134698314,2.8443561906330714
13427,486,81,0.8621399176954733,0.015638316877343465,0.01800546476764192,0.018216020455983032,1.325649322964381,1.3568348591173014
10052,452,44,0.6460176991150443,0.02249281259564303,0.02753086169143372,0.027655492807920883,1.498138895668141,1.511733628036661
11324,1076,149,0.7657992565055762,0.012910571560962985,0.019163943376579735,0.018542414837791895,2.2033263052941554,2.0627264979662394
11830,2700,487,0.7196296296296296,0.008644476416437983,0.01095017803885764,0.01091925575485893,1.6045932954081643,1.5955436468019613
17573,400,46,0.6525,0.023808808769024966,0.03509877233296181,0.03148792008232857,2.1732441476884548,1.749091846829049
11320,512,72,0.525390625,0.022068577250904053,0.04602356727750748,0.04587299711006933,4.349225090143838,4.320813892718835
10281,210,22,0.49523809523809526,0.03450171315712271,0.05167498042680926,0.05019797021443175,2.243258495931702,2.1168544244015948
4685,400,55,0.76,0.021354156504062624,0.03971853662671338,0.03870343079825812,3.459566122297307,3.284990253411306
6638,663,107,0.8386123680241327,0.01428759042499723,0.026625494075147957,0.026950092293938653,3.4727807615002457,3.5579720292748993
18312,267,22,0.8726591760299626,0.020400956366716346,0.02016440123472298,0.02057462946353173,0.9769438584786544,1.0170984469723017
23321,1662,172,0.5054151624548736,0.012263911917034343,0.033621411389023366,0.03453436779482927,7.51577614160529,7.929484868518559
19637,234,25,0.8461538461538461,0.0235863131027641,0.0394957958973183,0.03843893741153056,2.804023319037617,2.6559667184667193
1183,702,92,0.7165242165242165,0.017010021499765084,0.028542121738321203,0.02808023178697102,2.815547011875633,2.7251577778827882
5518,204,24,0.6715686274509803,0.032881561529235735,0.04176730250059422,0.04273733453016675,1.6134963519311376,1.6893125055551848
12914,1390,175,0.7345323741007195,0.011844148769371014,0.02739997693280598,0.027319592426505415,5.351711419534409,5.320356382927192
7039,206,25,0.6650485436893204,0.03288395145406307,0.046028374184202754,0.04517688314225569,1.959220305569866,1.8874025283321303
21254,1078,166,0.5287569573283859,0.01520341473108445,0.022515052967469792,0.021990592201273116,2.1931263888286106,2.0921439579885983
12785,1460,184,0.6828767123287671,0.012178920372102555,0.02284346234134969,0.023357553632558755,3.5180845900333724,3.678215138387359
14596,383,46,0.6684073107049608,0.024056014794300622,0.04708341633262283,0.04571893647907883,3.8307919872063545,3.6119761506639345
27394,351,37,0.7435897435897436,0.023306702557344586,0.02988824760046263,0.030531359202502516,1.6445202944245734,1.7160526574319674
15068,671,61,0.6557377049180327,0.018342078505852306,0.02458824482116275,0.024617159342349395,1.7970408994294145,1.8012698412698402
15472,318,35,0.8742138364779874,0.018595664993954306,0.019874875396470017,0.019414858318490272,1.1423137432486485,1.0900464977629443
20542,660,83,0.6833333333333333,0.018106958686150275,0.03474500521195295,0.03353493009094574,3.6820844158362553,3.4300763671658188
5609,389,38,0.9074550128534704,0.014693125939464067,0.019164147324818297,0.019547037436903336,1.7011812975363945,1.7698378848127247
2065,219,23,0.7077625570776256,0.030731917865504,0.05501677040173179,0.05792567921230781,3.2048732483901348,3.552736043599941
17730,920,90,0.49782608695652175,0.01648435602591793,0.037955733556215114,0.039693213321425155,5.301646992198634,5.798137961943553
21682,2424,260,0.643976897689769,0.009725410155595842,0.024452466485624953,0.025482954640633357,6.32163609966782,6.865682409175985
25850,2008,231,0.7549800796812749,0.00959812914844681,0.018816132244141033,0.020186490073160007,3.843151763600354,4.423320890033937
21241,512,62,0.580078125,0.021811850540854414,0.04239330138229897,0.04217106982245887,3.7775432981027177,3.7380422942893157
24811,217,22,0.8940092165898618,0.02089657847351425,0.022729741727636286,0.023414201341195248,1.1831468111601011,1.2554757621155492
23601,1687,144,0.45702430349733253,0.012128366215120642,0.03396423776825936,0.03397926774194236,7.842222159041223,7.849164430099293
5929,960,126,0.678125,0.015078664714002089,0.02856771333813962,0.028242999210326993,3.589427532408586,3.508293015972439
24030,786,104,0.5432569974554707,0.017767541673326854,0.027789163055255563,0.02803558223103902,2.446224145625535,2.4898000656615182
20200,987,105,0.8652482269503546,0.01086873567191696,0.016519244321254147,0.016851055132148813,2.3100548893806088,2.403787903393213
27385,749,125,0.5514018691588785,0.018172803806610474,0.03535783988237322,0.03662780353903908,3.7855376822278815,4.062355032698966
1672,445,54,0.6089887640449438,0.02313232328315305,0.052633462751314766,0.053536973223377006,5.177086008393669,5.356352155759464
6403,530,79,0.8018867924528302,0.017313118842153533,0.021211019772314252,0.021539857457047576,1.5009716078922417,1.5478719480051337
4109,1618,175,0.399876390605686,0.012178505017081719,0.04971321771655349,0.05356472868342495,16.663099563274177,19.345050161300705
6804,2050,211,0.564390243902439,0.010951197651180071,0.019121597841076973,0.019436192490216345,3.0487732506671033,3.1499172761341203
3192,572,54,0.8094405594405595,0.016421381900419627,0.02293438781495097,0.022608826673697832,1.9505401825271018,1.8955561180751488
26681,2016,216,0.7435515873015873,0.009725463232195796,0.020071102215886722,0.020382748013216177,4.259139381533451,4.39243029499869
23470,1229,121,0.32546786004882017,0.013365322316416238,0.04467590340469086,0.04740023768690595,11.173463465856893,12.5777270443818
16720,1849,210,0.39210383991346676,0.011353945158121931,0.034253660811954266,0.0359326762345218,9.101655671739667,10.015797704809467
17482,1086,134,0.6804788213627992,0.014149536660170502,0.02554268086669853,0.025676398282994752,3.258731038345435,3.2929396386899716
18833,233,21,0.5793991416309013,0.03234044865719745,0.08029969956170141,0.08241003854799042,6.165038025851758,6.493340145786499
26208,221,24,0.6832579185520362,0.0312931356797233,0.05225852698663283,0.05372748959360587,2.788792243894342,2.9477790717607113
26954,443,68,0.8645598194130926,0.016258086237398724,0.020723040125701628,0.01922880818694123,1.6246809571625949,1.3988330629942662
22688,531,56,0.6572504708097928,0.020597126005344406,0.03512621853395957,0.03538105455697339,2.9083692627645705,2.9507220001707894
26918,732,86,0.8278688524590164,0.013952594191833208,0.019430758846433416,0.017954553186358274,1.9394098523033716,1.655919717884448
8319,246,33,0.9227642276422764,0.017021078255617644,0.012695470803666788,0.011988984947168298,0.5563184781089641,0.4961245214411334
4907,472,53,0.8665254237288136,0.015653769362524595,0.025605617519583262,0.02461180452913541,2.6756705983498326,2.472003337855355
18348,366,40,0.5683060109289617,0.025890389426866264,0.09247816543024269,0.09158586907683001,12.758547817251353,12.513528181716609
25296,230,28,0.6391304347826087,0.03166692981625841,0.039643628184465644,0.04024827435908941,1.567237697666405,1.615409417749211
924,1199,161,0.427022518765638,0.014285142413432577,0.02866663585393039,0.029118231551158686,4.027024860483167,4.15490254611351
12812,217,31,0.9216589861751152,0.018241051006810432,0.022184361857135158,0.022016480933803415,1.4790885177509094,1.4567871148459384
6896,359,32,0.6796657381615598,0.024626469812100565,0.028678452386201016,0.027978766906454244,1.3561480426248171,1.2907817586885393
3256,2330,302,0.8510729613733906,0.007375512662548642,0.011831129655974573,0.011762902844176311,2.573167169070384,2.5435752708348445
22573,778,75,0.7557840616966581,0.015402672028980541,0.026987075132387447,0.02730151140414864,3.069866574850244,3.141819596484537
12070,1751,175,0.7064534551684751,0.010882713353861609,0.017915433268353063,0.01816315216377729,2.710068391566187,2.7855314244852547
25661,1291,131,0.7668474051123161,0.01176823904995184,0.02165411410724319,0.02207211241211593,3.3857733212349324,3.517748894594318
25942,214,23,0.8598130841121495,0.023732794505803314,0.051313563081834636,0.05115909825171412,4.67483822290356,4.6467360521098815
14457,1733,182,0.7212925562608193,0.01077037259690937,0.021790377659416917,0.021295027679686388,4.093248006024793,3.9092636584845564
4451,959,122,0.32638164754953075,0.01514120770251513,0.047730442719147816,0.049653486061416174,9.937334097931144,10.754208580834623
27605,1495,170,0.725752508361204,0.011538384536180338,0.02322292221352968,0.0242097937581301,4.050827205436197,4.402426991896584
4075,1775,197,0.3171830985915493,0.011046074583101629,0.03342508558299119,0.035911317917698374,9.156491853126058,10.569312648855385
13150,737,78,0.6377204884667571,0.01770530154857639,0.03010239514589544,0.029889896045801806,2.890649590262805,2.8499822388952363
11740,299,50,0.8963210702341137,0.017629559519676468,0.018995766724798774,0.01912647513885654,1.1609960238883257,1.1770284428980522
5,1021,119,0.5563173359451518,0.015548362441277505,0.02890529619171541,0.029286579460781597,3.4560939232549672,3.5478723888889534
11606,1000,99,0.489,0.015807561481771943,0.03714344402435102,0.03736150209173903,5.521214003538103,5.586231090051665
17403,588,44,0.79421768707483,0.016671901522055547,0.023389580266929413,0.023903788460381305,1.9682242757205908,2.0557164017577914
24809,454,44,0.6718061674008811,0.02203734519752029,0.03917451688643055,0.039494037840789545,3.160012127973162,3.2117706619834694
22814,781,101,0.4942381562099872,0.017890218686638475,0.036690569932520366,0.037064752699305224,4.20608085633063,4.292308367373041
6770,294,35,0.3401360544217687,0.027629935389102658,0.03222783255366271,0.03252915800994425,1.3605122557173333,1.386072367091167
25912,474,60,0.7953586497890295,0.018530580722955253,0.03202880680729009,0.03161534967289469,2.9874693635539438,2.9108372214325957
3042,2055,216,0.5313868613138686,0.011007956974734142,0.024864197743522717,0.025842292671338637,5.101941272858195,5.511231252593352
15979,538,78,0.41821561338289964,0.021266205895917475,0.061707589013160064,0.0653893260000345,8.419709897287879,9.454393915485872
8146,1493,194,0.8519758874748827,0.009190729430191476,0.012120570394360536,0.012560382318192688,1.7391864958603804,1.8676941386898211
6628,329,63,0.5440729483282675,0.02745859415161567,0.037508170009693774,0.037636103983022876,1.8659291760333467,1.878679616415456
7818,319,38,0.7554858934169278,0.024064109662967584,0.034003503727483377,0.03302771668076694,1.9966766639637912,1.8837250140727029
17891,383,47,0.5143603133159269,0.025538267063352875,0.06261567524074714,0.0653639751397654,6.011506045336356,6.550795828722365
10591,278,34,0.8848920863309353,0.019141472722467398,0.031058407151299667,0.030386985884508135,2.6327381105026477,2.520139320915774
25087,793,70,0.7704918032786885,0.014932981193076988,0.02019006132037127,0.020276690648767918,1.8280254580590534,1.8437460993685495
10455,1509,178,0.7528164347249834,0.011104773937221089,0.019013313698199148,0.01889417397736447,2.9315424233925427,2.8949187302342434
14078,1628,245,0.5915233415233415,0.012182666775057485,0.024913056497272403,0.02562152037994777,4.181858128014349,4.423082740764152
7017,1576,239,0.7373096446700508,0.011085847878689778,0.018822575889522974,0.018994293682866124,2.8828383044640584,2.9356783331776466
3844,1295,147,0.694980694980695,0.01279425934809396,0.027839844874584355,0.028271307649436837,4.734818351873118,4.882716324786725
23647,217,23,0.7557603686635944,0.02916555586552376,0.04384136993104476,0.04341795721161232,2.259579970924598,2.216145429174094
7347,2699,466,0.3968136346795109,0.009417109251321902,0.019242705413180912,0.019170146642575457,4.175389981844721,4.143960932011464
291,1938,223,0.6996904024767802,0.0104126357895586,0.016529427326456975,0.016257555511612946,2.519963548724265,2.4377498317472805
516,253,45,0.9407114624505929,0.014847499738235917,0.023775516613487962,0.023251762123510933,2.564208126595459,2.4524778290762947
14595,2467,279,0.8261045804620997,0.007630921952331658,0.011664959610643472,0.011809371920213758,2.3367510980119586,2.39496724040413
19886,590,88,0.39152542372881355,0.020094407110521254,0.04152481063086329,0.04262310417803443,4.270364317992158,4.499246190088828
8379,1574,127,0.8907242693773825,0.007863776074807075,0.018483151208233288,0.016958093088889875,5.5244590204833735,4.6504154563107285
3152,689,88,0.579100145137881,0.01880860621340926,0.029293894993154112,0.030251868704088313,2.4257219218431754,2.586968769468206
6156,423,70,0.408983451536643,0.02390465635649312,0.04072564784104303,0.04061470858754747,2.902491746305571,2.886700140275454
4308,604,79,0.271523178807947,0.01809642779584293,0.04794662835744118,0.049668940640166165,7.0198920976899455,7.533279585863984
26527,1106,111,0.5587703435804702,0.014930400517000243,0.021259822928186005,0.02143643337532645,2.0275723951648343,2.06139937859975
18340,1773,194,0.7676254935138184,0.010030314885734417,0.016713708966567736,0.01657152029538698,2.7766205701994227,2.7295783929718374
11734,767,98,0.7705345501955672,0.01518298029632505,0.024916374924107462,0.024759858254705922,2.6931197050807163,2.65939134716071
6036,360,39,0.6194444444444445,0.025589332884543795,0.08559002291769988,0.0771141248548332,11.187379162303436,9.081340103146482
26842,1405,160,0.900355871886121,0.007990883410750157,0.011743151794068648,0.01169066660815924,2.159632034653452,2.14037052993201
3383,302,24,0.7947019867549668,0.023242939467894255,0.07900459769702298,0.08081175274482374,11.553741047192936,12.088347900392895
48,521,73,0.45681381957773515,0.021823535597824465,0.046690444635133596,0.04748456720546974,4.577262262532547,4.734288780497763
27432,1034,117,0.47195357833655704,0.015524778915623587,0.0446451715378635,0.045969728873210054,8.269859734201011,8.767848483468711
23185,215,22,0.4790697674418605,0.03406982743180317,0.06977314763758644,0.07182459387466081,4.194080514040885,4.444331961730277
7076,310,36,0.43548387096774194,0.028160694931324736,0.03779802784955049,0.03750770090590847,1.8015716774355524,1.774002194426158
23315,286,40,0.9440559440559441,0.013589166621635573,0.018286118679829558,0.018550251817149834,1.810745525659871,1.8634338121517608
22028,435,64,0.5954022988505747,0.02353273100271271,0.0392875787901786,0.04097520426882596,2.787185467815226,3.031779370695626
19362,768,92,0.8255208333333334,0.01369478435666238,0.018357784788499924,0.018443957058273352,1.7969258333619182,1.8138351287466712
122,209,24,0.5263157894736842,0.034537787309984774,0.07043703184760605,0.07185850621498482,4.15923129713411,4.328798280285694
27299,280,21,0.7785714285714286,0.02481344387795753,0.0413840683011273,0.04191977122298922,2.781584612911572,2.854064072210713
1910,390,41,0.7102564102564103,0.022971121331932833,0.042070220850017236,0.04059148896807816,3.35417094248299,3.122522476139453
2391,674,110,0.8724035608308606,0.012851329058755086,0.017343782957186162,0.0171296519140531,1.8213422931829624,1.7766463503551817
12148,1718,174,0.8178114086146682,0.009312699546794744,0.014718509795405291,0.014748073687719718,2.497908346460515,2.5079531214505546
6222,1816,196,0.6833700440528634,0.01091556064415564,0.01875828612271335,0.01965719687341285,2.953209237610235,3.243030857013019
972,250,43,0.952,0.013519763311537675,0.019689836435195077,0.018929614872946983,2.1210262323000655,1.9604030945711624
23901,962,117,0.6424116424116424,0.015452930479389688,0.0392367786304102,0.04040645202760978,6.447108616588297,6.837222835198074
5844,603,80,0.7064676616915423,0.018544514356786647,0.0352186435267792,0.03478090869730836,3.6067357158816074,3.517636181071411
6934,1964,191,0.6288187372708758,0.010901468840286234,0.02108959526177646,0.021692179491162755,3.7425400337608132,3.95946349355613
2765,1023,98,0.8748778103616813,0.010344346319631813,0.016733892010809583,0.016719796919631044,2.6169041758320346,2.6124975538145327
12936,755,72,0.4794701986754967,0.01818151769714576,0.03660700037846693,0.036585028778104156,4.053853234221456,4.048988431731475
20650,315,22,0.6603174603174603,0.02668441742049061,0.05673601182919413,0.05536464396422631,4.520663255961389,4.304766224726173
15196,1913,225,0.89022477783586,0.007147341222177533,0.012380781399043955,0.012234240269786839,3.000592908224118,2.9299821745961316
13747,344,30,0.9040697674418605,0.015878135383422844,0.016159989867535272,0.01607216205134221,1.035817316307482,1.0245887997314587
1736,1179,124,0.6039016115351993,0.014243861083232652,0.027410686274826554,0.02792153969785985,3.7032613203601548,3.842583092757661
973,1398,145,0.829041487839771,0.010068850934529057,0.013982129979814717,0.014114474409291988,1.928354374863994,1.9650318709895573
6834,521,78,0.710172744721689,0.01987617220320218,0.03576551870191939,0.03536313028117233,3.2379009142358077,3.1654532257956642
18769,1667,191,0.6874625074985004,0.011352925049870946,0.02041700064046989,0.01998041062777717,3.2342109514898567,3.097371353085683
24285,450,63,0.7844444444444445,0.0193844931166178,0.027392801336644953,0.02785208419029151,1.9969353148828393,2.0644601312706623
20855,318,58,0.9213836477987422,0.015092567766474174,0.019004908882725904,0.018957683045234854,1.5856426341672447,1.5777720085303515
4002,1433,165,0.4919748778785764,0.013206598126120682,0.04755679800690533,0.05033229898141912,12.967112740515327,14.524848469723894
23721,1156,154,0.42560553633217996,0.014542190848863025,0.02634827678625881,0.02582114876328205,3.2828024899274424,3.1527638317949003
26175,942,125,0.5796178343949044,0.016083018448880593,0.031410814693560836,0.031885884547386334,3.8143740680192018,3.9306268663418877
8349,1311,98,0.5827612509534706,0.013618720439446322,0.026495536332641904,0.025986391580655688,3.7850604541342108,3.6409888332740246
6474,201,26,0.8656716417910447,0.024052621663857892,0.05237533551373982,0.04794523159554807,4.741642380262581,3.9734339795276483
14269,431,91,0.4988399071925754,0.024084087717224145,0.0351611927180865,0.03624865053931204,2.1314090060015047,2.2652872786814044
21768,875,119,0.8845714285714286,0.01080237097395253,0.013093037748845756,0.01305078632867797,1.469070590425587,1.4596044651370932
5702,404,78,0.7103960396039604,0.02256637659815427,0.034713318414182036,0.034260392079651966,2.3662934456724862,2.3049472692416084
7470,1226,225,0.6933115823817292,0.013169451282325564,0.01741322094944841,0.017577069114106735,1.7483277915299742,1.781384055175296
19281,1612,200,0.6147642679900744,0.012120905662934835,0.03201313560752497,0.03343793471336796,6.975675769898337,7.610422167244243
5418,331,30,0.9003021148036254,0.0164673270653123,0.018078608620016687,0.018231932834675484,1.2052684358641934,1.2257988283175478
17718,506,55,0.8063241106719368,0.01756779860619087,0.0192107194434451,0.0190221334680053,1.1957835393650065,1.172421464560059
2727,971,112,0.7857878475798146,0.013166340779887493,0.02556428906233618,0.02554936496233027,3.76996445928156,3.765564031515144
8086,867,73,0.40484429065743943,0.016670543642941803,0.035570404005455566,0.03524301755021847,4.552794732383117,4.469373469329323
2378,469,59,0.4051172707889126,0.02266833582882312,0.02928834316206939,0.028854948947590102,1.6693612671744944,1.6203220587231975
22235,253,28,0.5810276679841897,0.03101921609070088,0.04710102145698328,0.0474662698056089,2.305679905660843,2.3415776842082563
18297,707,94,0.6138613861386139,0.018310367780066353,0.03748923613201331,0.03754424193583069,4.19197851190109,4.20428883519105
25205,671,102,0.834575260804769,0.014344047761906615,0.021799528871363077,0.02106080535141496,2.309674450820951,2.1557902495737262
1828,521,75,0.6986564299424184,0.020102215901505367,0.02937159525905994,0.028743988414023005,2.1348492038161497,2.0445898106447995
23720,355,49,0.3352112676056338,0.025054569945286667,0.05058526828911075,0.05131619911690924,4.076375758117472,4.195029875163242
15492,710,85,0.5098591549295775,0.018761017310177534,0.03007029287206145,0.03099571247555487,2.5689907918781443,2.729546384592349
12933,1510,165,0.7814569536423841,0.010634878991155585,0.022245286223091573,0.02321987898069047,4.375330770310334,4.767105886346773
16049,276,22,0.5833333333333334,0.029675512983829987,0.04452048232818847,0.04620086733125628,2.2507292312176466,2.4238391008577342
11903,270,31,0.8111111111111111,0.023821082830070374,0.02593612040113283,0.02509469609541942,1.1854603390632734,1.1097901930939809
25529,514,88,0.6575875486381323,0.020930037456404763,0.032319598304174135,0.03294500025921162,2.3844701912186053,2.477644653371517
24648,324,44,0.7808641975308642,0.022981158583311408,0.031932023630993886,0.03224214698927621,1.930674429656285,1.968357901092157
4994,311,49,0.8745980707395499,0.018779160424049247,0.02882562079931047,0.027144489091641723,2.3561611697603895,2.0893490488886632
10001,581,87,0.7900172117039587,0.01689748460822294,0.027148622664629127,0.026556262367537685,2.5813772822202625,2.469959216540256
26902,479,62,0.5156576200417536,0.02283437867668774,0.0406501622804048,0.041809522697344476,3.1691746215051695,3.352524970926659
2559,719,143,0.47009735744089015,0.018613476803959726,0.04073694961896949,0.04188436302455556,4.789851035503627,5.063476810918397
18082,893,115,0.5139977603583427,0.016725303958456002,0.04414335564743848,0.0477994784536464,6.965986834870706,8.1676717877216
26517,336,32,0.9107142857142857,0.015556519027615394,0.026756527217529722,0.026352026167341773,2.958248415697573,2.8694798349447295
14029,437,62,0.8878718535469108,0.015093562149682377,0.030553394899561794,0.030093987205388324,4.097655580345229,3.975355475680364
14845,429,59,0.9207459207459208,0.013042236406361108,0.01784441869448775,0.01772035608669081,1.8719777112591225,1.8460384960423477
2316,1029,142,0.6326530612244898,0.01502842028543833,0.023959595415924097,0.02458332679147032,2.5417468637880716,2.6758061317004995
13670,1258,151,0.4467408585055644,0.014016894866231899,0.026427106920338308,0.027695415481435073,3.5546399026356625,3.9040209327515956
15187,999,114,0.8728728728728729,0.010539302518340742,0.015804677089835587,0.015922871109153736,2.2487828105712078,2.282543264155004
23231,1010,101,0.806930693069307,0.012419784187311825,0.017834640412936163,0.017680672227882246,2.0620567627024964,2.026606575428662
8965,609,86,0.4039408866995074,0.01988359584755992,0.03364854056606254,0.034295242216663885,2.863799510357378,2.974937832976089
7089,1344,147,0.7395833333333334,0.011970941577571814,0.019523253079983476,0.01940704443314751,2.659792429483034,2.6282227956781785
4717,663,70,0.6003016591251885,0.01902366459823674,0.04028651077074006,0.0411666453195066,4.484674719215149,4.682767489258082
26797,2373,310,0.3889591234723978,0.010007791396649219,0.029830808491928477,0.030997722676216286,8.884920770769014,9.593632727641118
11214,544,55,0.5533088235294118,0.02131513242039794,0.028561752686956942,0.027630135799688066,1.7955340217953246,1.6803121542105857
14331,2922,307,0.5219028062970568,0.009240868868917965,0.02062677285831434,0.02124822671562055,4.9823812592284265,5.2871273116431725
10874,392,42,0.7321428571428571,0.022366936118303805,0.037279759368178574,0.038282801500695615,2.77800617082952,2.9295062462819748
1234,247,33,0.7206477732793523,0.02854888272854177,0.070139745410786,0.07398168847882275,6.0360125915737495,6.715374615068165
24571,2020,113,0.32475247524752476,0.010419144248229371,0.03268173414205156,0.03466751837857901,9.83888952638757,11.07086124321379
12169,964,118,0.5311203319502075,0.016072692910832402,0.04083647471597144,0.04245695588499831,6.455341072178478,6.977830424222152
5712,425,102,0.7505882352941177,0.020987701515393413,0.02595990458161067,0.025129003111210538,1.5299471378531924,1.4335761331500745
12706,311,60,0.4919614147909968,0.028348734420439926,0.030249810041197638,0.030811173111771926,1.1386177580558146,1.18126984452912
17293,258,27,0.8488372093023255,0.02230102384118233,0.024544172501600552,0.02349375082887154,1.2112873597302003,1.1098265569067152
15347,2671,236,0.5323848745788095,0.009654286557401736,0.025881830950507816,0.027051853952876802,7.18703271568222,7.851519208090098
4694,797,81,0.8682559598494354,0.011980093695911747,0.01649855455573721,0.016741919273660096,1.8965808670760183,1.9529452027472967
14114,799,101,0.5594493116395495,0.017563251662011753,0.0416394623958723,0.04207967769992892,5.620829073080879,5.740304900522642
1142,748,87,0.733957219251337,0.016156984696787384,0.026770952047635143,0.02710535196480892,2.7454086964561735,2.814423670472882
26579,1126,139,0.7957371225577264,0.01201462823393685,0.016776833744531112,0.016369951723327777,1.949841580026419,1.856410957285925
3224,608,61,0.631578947368421,0.01956294583355337,0.030764681492178845,0.030928175902072162,2.473069614382871,2.499424994778613
14862,915,80,0.7355191256830601,0.014580874569461472,0.03209469905932363,0.03286096629260345,4.845063436188064,5.079178922566474
11730,388,62,0.884020618556701,0.016255701975295012,0.0176954060349483,0.017480529438766153,1.1849761450877205,1.1563723726209543
20907,892,129,0.4484304932735426,0.016651956414771525,0.04743132082384868,0.04975231029416121,8.113344302578062,8.926803475849011
20567,272,40,0.47058823529411764,0.030264456201619206,0.043307204672074474,0.04403406362589302,2.0476444814641037,2.116955756661639
14450,823,108,0.45929526123936815,0.017371053289787372,0.08019467156718471,0.08428787726915683,21.312712229740516,23.543874167335822
23569,943,142,0.7582184517497349,0.013942893345427327,0.024405144045605644,0.023929010061791437,3.0637755078737583,2.9453957378396196
20980,469,52,0.5884861407249466,0.02272343233722975,0.04234752801763694,0.04420164411441537,3.473027843750071,3.78380706883931
26084,461,67,0.48590021691973967,0.023278060580200093,0.04234535971962052,0.04323972821694293,3.309162276400724,3.4504228633829603
19646,569,77,0.4130052724077329,0.02064138170311318,0.03271845383749585,0.03126752886925137,2.5125112470660778,2.294613736411479
6106,376,56,0.7021276595744681,0.0235846376046784,0.04577159013653274,0.04643807013672634,3.766461963794271,3.876947423949357
6034,985,135,0.9116751269035533,0.009041561671011474,0.012114698057520728,0.012114056498018964,1.7953052091803636,1.7951150658334687
3474,326,41,0.7975460122699386,0.02225523792914824,0.03468433090328209,0.035160471841015666,2.428858187086929,2.496001866231928
18346,1098,123,0.6530054644808743,0.01436542752757758,0.027969714318690556,0.028440450196836504,3.790870511555171,3.919546512600508
18596,492,55,0.8516260162601627,0.01602583944309024,0.02224050781300086,0.022542816214714954,1.9259624856340571,1.97867636376803
16066,294,35,0.8741496598639455,0.019344006439065434,0.03132548106241827,0.03134350727014181,2.622422377333152,2.6254413848829037
19797,293,37,0.757679180887372,0.02503250035830301,0.041940586601004755,0.043360273762972634,2.807117157891207,3.0003752129767602
5513,282,23,0.900709219858156,0.017808289678657087,0.02513783498994083,0.02529554005280246,1.9925595937766358,2.0176391152266504
23345,279,25,0.6164874551971327,0.02911050954969078,0.032594515777053315,0.03060257877091475,1.2536879521647608,1.1051378011948465
11076,949,109,0.8018967334035827,0.01293814262659758,0.022296202331028026,0.022052551025508044,2.9697365553763575,2.9051850625445192
26107,330,35,0.6363636363636364,0.02648069386379706,0.05239759795759715,0.05343279148172462,3.9152909032149545,4.071524064171123
15598,3561,521,0.3476551530468969,0.007980442388439526,0.022680126510191318,0.023196083476629527,8.076756911670952,8.448417987032876
23068,975,113,0.8851282051282051,0.010211921922363004,0.014330337202900613,0.014390315133939362,1.9692363702538969,1.985754877916047
13684,543,82,0.5598526703499079,0.021302766049225607,0.03703424090344484,0.03591428700608559,3.022281402675268,2.8422514853952765
24917,331,34,0.9003021148036254,0.0164673270653123,0.020028958518490327,0.01966308372815564,1.4793485540382445,1.4257948259891082
15623,464,61,0.44396551724137934,0.02306569220230547,0.045795456814460615,0.047917589478174566,3.9419563082607656,4.315756569812856
11187,1040,111,0.475,0.015484949268439784,0.030387497407810538,0.03034324725919733,3.8509714231902956,3.8397640517377365
22699,3104,297,0.4639175257731959,0.00895107792876807,0.0366913359223402,0.039437304461534976,16.80259551728249,19.411708912582778
17845,718,97,0.8732590529247911,0.012415602514874778,0.018389266419353446,0.018729990927691724,2.193780688702027,2.2758285097064226
6687,440,43,0.6840909090909091,0.022162136895968368,0.0442221387285538,0.04446964688220584,3.9815870842209367,4.026281127231795
19744,296,38,0.7905405405405406,0.023651909406837,0.047150559276099735,0.04476819319320013,3.974122805508085,3.5826692831923874
